sitename,timestamp,DoN,category
haleakalaR,7/28/2021 19:29,1,1
haleakalaR,7/28/2021 19:44,1,1
haleakalaR,7/28/2021 19:45,1,1
haleakalaR,7/28/2021 20:00,1,1
haleakalaR,7/29/2021 4:59,1,1
haleakalaR,7/29/2021 5:14,1,1
haleakalaR,7/29/2021 5:29,1,1
haleakalaR,7/29/2021 5:30,1,1
haleakalaR,7/29/2021 19:29,1,1
haleakalaR,7/29/2021 19:44,1,1
haleakalaR,7/29/2021 19:45,1,1
haleakalaR,7/29/2021 20:00,1,1
haleakalaR,7/30/2021 4:59,1,1
haleakalaR,7/30/2021 5:00,1,1
haleakalaR,7/30/2021 5:14,1,1
haleakalaR,7/30/2021 5:29,1,1
haleakalaR,7/30/2021 5:30,1,1
haleakalaR,7/30/2021 19:29,1,0
haleakalaR,7/30/2021 19:30,1,0
haleakalaR,7/30/2021 19:45,1,0
haleakalaR,7/30/2021 19:59,1,0
haleakalaR,7/31/2021 4:59,1,0
haleakalaR,7/31/2021 5:14,1,1
haleakalaR,7/31/2021 5:15,1,1
haleakalaR,7/31/2021 5:29,1,1
haleakalaR,7/31/2021 5:30,1,1
haleakalaR,7/31/2021 19:30,1,1
haleakalaR,7/31/2021 19:44,1,1
haleakalaR,7/31/2021 19:45,1,1
haleakalaR,7/31/2021 19:59,1,1
haleakalaR,8/1/2021 4:59,1,1
haleakalaR,8/1/2021 5:00,1,1
haleakalaR,8/1/2021 5:14,1,1
haleakalaR,8/1/2021 5:29,1,1
haleakalaR,8/1/2021 19:29,1,1
haleakalaR,8/1/2021 19:30,1,1
haleakalaR,8/1/2021 19:44,1,1
haleakalaR,8/1/2021 19:45,1,1
haleakalaR,8/1/2021 19:59,1,1
haleakalaR,8/1/2021 21:07,1,1
haleakalaR,8/2/2021 2:12,1,1
haleakalaR,8/2/2021 2:17,1,1
haleakalaR,8/2/2021 2:24,1,1
haleakalaR,8/2/2021 2:25,1,1
haleakalaR,8/2/2021 2:25,1,1
haleakalaR,8/2/2021 2:27,1,1
haleakalaR,8/2/2021 2:29,1,1
haleakalaR,8/2/2021 2:36,1,1
haleakalaR,8/2/2021 2:37,1,0
haleakalaR,8/2/2021 2:38,1,0
haleakalaR,8/2/2021 2:43,1,0
haleakalaR,8/2/2021 2:54,1,0
haleakalaR,8/2/2021 4:59,1,0
haleakalaR,8/2/2021 5:00,1,1
haleakalaR,8/2/2021 5:14,1,1
haleakalaR,8/2/2021 5:15,1,1
haleakalaR,8/2/2021 5:29,1,1
haleakalaR,8/2/2021 5:30,1,1
haleakalaR,8/2/2021 19:29,1,1
haleakalaR,8/2/2021 19:44,1,1
haleakalaR,8/2/2021 19:59,1,1
haleakalaR,8/3/2021 4:59,1,0
haleakalaR,8/3/2021 5:14,1,0
haleakalaR,8/3/2021 5:29,1,0
haleakalaR,8/3/2021 5:30,1,0
haleakalaR,8/3/2021 19:29,1,0
haleakalaR,8/3/2021 19:44,1,0
haleakalaR,8/3/2021 19:45,1,0
haleakalaR,8/3/2021 19:59,1,0
haleakalaR,8/4/2021 4:59,1,0
haleakalaR,8/4/2021 5:14,1,0
haleakalaR,8/4/2021 5:29,1,0
haleakalaR,8/4/2021 19:30,1,0
haleakalaR,8/4/2021 19:44,1,1
haleakalaR,8/4/2021 19:45,1,1
haleakalaR,8/4/2021 19:59,1,1
haleakalaR,8/5/2021 4:59,1,1
haleakalaR,8/5/2021 5:14,1,1
haleakalaR,8/5/2021 5:29,1,1
haleakalaR,8/5/2021 5:30,1,1
haleakalaR,8/5/2021 19:29,1,1
haleakalaR,8/5/2021 19:44,1,1
haleakalaR,8/5/2021 19:59,1,1
haleakalaR,8/6/2021 4:59,1,0
haleakalaR,8/6/2021 5:14,1,0
haleakalaR,8/6/2021 5:15,1,0
haleakalaR,8/6/2021 5:29,1,0
haleakalaR,8/6/2021 19:30,1,0
haleakalaR,8/6/2021 19:44,1,1
haleakalaR,8/6/2021 19:45,1,1
haleakalaR,8/6/2021 19:59,1,1
haleakalaR,8/7/2021 4:59,1,1
haleakalaR,8/7/2021 5:00,1,1
haleakalaR,8/7/2021 5:14,1,1
haleakalaR,8/7/2021 5:15,1,1
haleakalaR,8/7/2021 5:30,1,1
haleakalaR,8/7/2021 19:14,1,1
haleakalaR,8/7/2021 19:15,1,1
haleakalaR,8/7/2021 19:30,1,1
haleakalaR,8/7/2021 19:45,1,1
haleakalaR,8/7/2021 19:59,1,1
haleakalaR,8/8/2021 4:59,1,1
haleakalaR,8/8/2021 5:00,1,1
haleakalaR,8/8/2021 5:14,1,1
haleakalaR,8/8/2021 5:15,1,1
haleakalaR,8/8/2021 5:30,1,1
haleakalaR,8/8/2021 19:29,1,1
haleakalaR,8/8/2021 19:44,1,1
haleakalaR,8/8/2021 20:00,1,1
haleakalaR,8/9/2021 4:59,1,1
haleakalaR,8/9/2021 5:00,1,1
haleakalaR,8/9/2021 5:15,1,1
haleakalaR,8/9/2021 5:29,1,1
haleakalaR,8/9/2021 5:30,1,1
haleakalaR,8/9/2021 19:30,1,0
haleakalaR,8/9/2021 19:44,1,0
haleakalaR,8/9/2021 19:59,1,0
haleakalaR,8/10/2021 4:59,1,0
haleakalaR,8/10/2021 5:14,1,0
haleakalaR,8/10/2021 5:29,1,1
haleakalaR,8/10/2021 5:30,1,1
haleakalaR,8/10/2021 19:14,1,1
haleakalaR,8/10/2021 19:29,1,1
haleakalaR,8/10/2021 19:30,1,1
haleakalaR,8/10/2021 19:44,1,1
haleakalaR,8/10/2021 20:00,1,1
haleakalaR,8/11/2021 4:59,1,1
haleakalaR,8/11/2021 5:00,1,0
haleakalaR,8/11/2021 5:14,1,0
haleakalaR,8/11/2021 5:30,1,0
haleakalaR,8/11/2021 19:14,1,0
haleakalaR,8/11/2021 19:29,1,0
haleakalaR,8/11/2021 19:30,1,0
haleakalaR,8/11/2021 19:44,1,0
haleakalaR,8/11/2021 19:45,1,0
haleakalaR,8/11/2021 19:59,1,0
haleakalaR,8/12/2021 4:59,1,0
haleakalaR,8/12/2021 5:00,1,0
haleakalaR,8/12/2021 5:14,1,0
haleakalaR,8/12/2021 5:15,1,1
haleakalaR,8/12/2021 5:30,1,1
haleakalaR,8/12/2021 19:15,1,1
haleakalaR,8/12/2021 19:29,1,1
haleakalaR,8/12/2021 19:30,1,1
haleakalaR,8/12/2021 19:44,1,1
haleakalaR,8/12/2021 20:00,1,1
haleakalaR,8/13/2021 4:59,1,1
haleakalaR,8/13/2021 5:00,1,1
haleakalaR,8/13/2021 5:14,1,1
haleakalaR,8/13/2021 5:15,1,0
haleakalaR,8/13/2021 5:29,1,0
haleakalaR,8/13/2021 5:30,1,0
haleakalaR,8/13/2021 19:14,1,0
haleakalaR,8/13/2021 19:29,1,0
haleakalaR,8/13/2021 19:30,1,1
haleakalaR,8/13/2021 19:44,1,1
haleakalaR,8/13/2021 19:45,1,1
haleakalaR,8/13/2021 19:59,1,1
haleakalaR,8/14/2021 4:59,1,1
haleakalaR,8/14/2021 5:14,1,1
haleakalaR,8/14/2021 5:30,1,1
haleakalaR,8/14/2021 19:14,1,1
haleakalaR,8/14/2021 19:30,1,1
haleakalaR,8/14/2021 19:45,1,1
haleakalaR,8/14/2021 19:59,1,1
haleakalaR,8/15/2021 5:00,1,1
haleakalaR,8/15/2021 5:15,1,1
haleakalaR,8/15/2021 5:29,1,1
haleakalaR,8/15/2021 19:14,1,1
haleakalaR,8/15/2021 19:15,1,1
haleakalaR,8/15/2021 19:29,1,1
haleakalaR,8/15/2021 19:44,1,1
haleakalaR,8/15/2021 19:45,1,1
haleakalaR,8/15/2021 19:59,1,1
haleakalaR,8/16/2021 4:59,1,1
haleakalaR,8/16/2021 5:15,1,1
haleakalaR,8/16/2021 5:29,1,1
haleakalaR,8/16/2021 19:15,1,1
haleakalaR,8/16/2021 19:30,1,1
haleakalaR,8/16/2021 19:45,1,1
haleakalaR,8/16/2021 19:59,1,0
haleakalaR,8/17/2021 5:00,1,0
haleakalaR,8/17/2021 5:14,1,0
haleakalaR,8/17/2021 5:30,1,0
haleakalaR,8/17/2021 19:14,1,0
haleakalaR,8/17/2021 19:29,1,1
haleakalaR,8/17/2021 19:30,1,1
haleakalaR,8/17/2021 19:45,1,1
haleakalaR,8/17/2021 19:59,1,1
haleakalaR,8/18/2021 5:00,1,1
haleakalaR,8/18/2021 5:15,1,1
haleakalaR,8/18/2021 5:29,1,1
haleakalaR,8/18/2021 5:30,1,1
haleakalaR,8/18/2021 19:15,1,0
haleakalaR,8/18/2021 19:29,1,0
haleakalaR,8/18/2021 19:44,1,0
haleakalaR,8/18/2021 19:45,1,0
haleakalaR,8/18/2021 20:00,1,0
haleakalaR,8/19/2021 4:59,1,0
haleakalaR,8/19/2021 5:00,1,0
haleakalaR,8/19/2021 5:15,1,0
haleakalaR,8/19/2021 5:30,1,0
haleakalaR,8/19/2021 19:14,1,0
haleakalaR,8/19/2021 19:15,1,0
haleakalaR,8/19/2021 19:29,1,0
haleakalaR,8/19/2021 19:45,1,1
haleakalaR,8/19/2021 19:59,1,1
haleakalaR,8/20/2021 4:59,1,1
haleakalaR,8/20/2021 5:00,1,1
haleakalaR,8/20/2021 5:14,1,1
haleakalaR,8/20/2021 5:15,1,1
haleakalaR,8/20/2021 5:29,1,1
haleakalaR,8/20/2021 5:30,1,1
haleakalaR,8/20/2021 19:14,1,1
haleakalaR,8/20/2021 19:15,1,1
haleakalaR,8/20/2021 19:30,1,0
haleakalaR,8/20/2021 19:44,1,0
haleakalaR,8/20/2021 19:59,1,0
haleakalaR,8/21/2021 4:59,1,0
haleakalaR,8/21/2021 5:15,1,0
haleakalaR,8/21/2021 5:29,1,1
haleakalaR,8/21/2021 5:30,1,1
haleakalaR,8/21/2021 5:44,1,1
haleakalaR,8/21/2021 5:45,1,1
haleakalaR,8/21/2021 19:14,1,1
haleakalaR,8/21/2021 19:15,1,1
haleakalaR,8/21/2021 19:29,1,1
haleakalaR,8/21/2021 19:45,1,1
haleakalaR,8/21/2021 20:00,1,1
haleakalaR,8/22/2021 4:59,1,1
haleakalaR,8/22/2021 5:00,1,1
haleakalaR,8/22/2021 5:14,1,1
haleakalaR,8/22/2021 5:15,1,1
haleakalaR,8/22/2021 5:29,1,1
haleakalaR,8/22/2021 5:30,1,1
haleakalaR,8/22/2021 19:14,1,1
haleakalaR,8/22/2021 19:15,1,1
haleakalaR,8/22/2021 19:29,1,1
haleakalaR,8/22/2021 19:30,1,1
haleakalaR,8/22/2021 19:45,1,1
haleakalaR,8/22/2021 20:00,1,1
haleakalaR,8/23/2021 4:59,1,1
haleakalaR,8/23/2021 5:14,1,1
haleakalaR,8/23/2021 5:30,1,1
haleakalaR,8/23/2021 19:15,1,1
haleakalaR,8/23/2021 19:29,1,1
haleakalaR,8/23/2021 19:30,1,0
haleakalaR,8/23/2021 19:45,1,0
haleakalaR,8/23/2021 20:00,1,0
haleakalaR,8/24/2021 5:00,1,0
haleakalaR,8/24/2021 5:14,1,0
haleakalaR,8/24/2021 5:30,1,1
haleakalaR,8/24/2021 5:44,1,1
haleakalaR,8/24/2021 5:45,1,1
haleakalaR,8/24/2021 19:14,1,1
haleakalaR,8/24/2021 19:15,1,1
haleakalaR,8/24/2021 19:29,1,1
haleakalaR,8/24/2021 19:44,1,1
haleakalaR,8/24/2021 19:45,1,1
haleakalaR,8/24/2021 19:59,1,0
haleakalaR,8/25/2021 4:59,1,0
haleakalaR,8/25/2021 5:00,1,0
haleakalaR,8/25/2021 5:14,1,0
haleakalaR,8/25/2021 5:29,1,0
haleakalaR,8/25/2021 5:44,1,0
haleakalaR,8/25/2021 19:15,1,0
haleakalaR,8/25/2021 19:29,1,0
haleakalaR,8/25/2021 19:30,1,0
haleakalaR,8/25/2021 19:44,1,0
haleakalaR,8/25/2021 19:59,1,0
haleakalaR,8/26/2021 4:59,1,0
haleakalaR,8/26/2021 5:00,1,1
haleakalaR,8/26/2021 5:14,1,1
haleakalaR,8/26/2021 5:15,1,1
haleakalaR,8/26/2021 5:29,1,1
haleakalaR,8/26/2021 19:14,1,1
haleakalaR,8/26/2021 19:15,1,1
haleakalaR,8/26/2021 19:29,1,1
haleakalaR,8/26/2021 19:44,1,1
haleakalaR,8/26/2021 19:59,1,1
haleakalaR,8/27/2021 4:59,1,1
haleakalaR,8/27/2021 5:00,1,0
haleakalaR,8/27/2021 5:14,1,0
haleakalaR,8/27/2021 5:29,1,0
haleakalaR,8/27/2021 5:30,1,0
haleakalaR,8/27/2021 5:44,1,0
haleakalaR,8/27/2021 19:15,1,1
haleakalaR,8/27/2021 19:30,1,1
haleakalaR,8/27/2021 19:45,1,1
haleakalaR,8/27/2021 19:59,1,1
haleakalaR,8/28/2021 4:59,1,1
haleakalaR,8/28/2021 5:00,1,1
haleakalaR,8/28/2021 5:14,1,1
haleakalaR,8/28/2021 5:29,1,1
haleakalaR,8/28/2021 5:30,1,1
haleakalaR,8/28/2021 5:44,1,1
haleakalaR,8/28/2021 19:15,1,1
haleakalaR,8/28/2021 19:29,1,1
haleakalaR,8/28/2021 19:30,1,1
haleakalaR,8/28/2021 19:44,1,1
haleakalaR,8/28/2021 19:59,1,1
haleakalaR,8/29/2021 4:59,1,1
haleakalaR,8/29/2021 5:00,1,1
haleakalaR,8/29/2021 5:14,1,1
haleakalaR,8/29/2021 5:29,1,1
haleakalaR,8/29/2021 5:30,1,1
haleakalaR,8/29/2021 19:14,1,1
haleakalaR,8/29/2021 19:30,1,1
haleakalaR,8/29/2021 19:45,1,1
haleakalaR,8/29/2021 19:59,1,1
haleakalaR,8/30/2021 4:59,1,1
haleakalaR,8/30/2021 5:00,1,1
haleakalaR,8/30/2021 5:14,1,0
haleakalaR,8/30/2021 5:30,1,0
haleakalaR,8/30/2021 5:44,1,0
haleakalaR,8/30/2021 5:45,1,0
haleakalaR,8/30/2021 19:15,1,0
haleakalaR,8/30/2021 19:30,1,1
haleakalaR,8/30/2021 19:45,1,1
haleakalaR,8/30/2021 20:00,1,1
haleakalaR,8/31/2021 4:59,1,1
haleakalaR,8/31/2021 5:15,1,1
haleakalaR,8/31/2021 5:30,1,1
haleakalaR,8/31/2021 5:44,1,1
haleakalaR,8/31/2021 19:15,1,1
haleakalaR,8/31/2021 19:30,1,0
haleakalaR,8/31/2021 19:44,1,0
haleakalaR,8/31/2021 19:59,1,0
haleakalaR,9/1/2021 5:00,1,0
haleakalaR,9/1/2021 5:14,1,0
haleakalaR,9/1/2021 5:29,1,0
haleakalaR,9/1/2021 5:44,1,0
haleakalaR,9/1/2021 18:59,1,0
haleakalaR,9/1/2021 19:15,1,0
haleakalaR,9/1/2021 19:29,1,0
haleakalaR,9/1/2021 19:30,1,0
haleakalaR,9/1/2021 19:44,1,0
haleakalaR,9/1/2021 19:59,1,1
haleakalaR,9/2/2021 5:00,1,1
haleakalaR,9/2/2021 5:14,1,1
haleakalaR,9/2/2021 5:15,1,1
haleakalaR,9/2/2021 5:29,1,1
haleakalaR,9/2/2021 5:30,1,1
haleakalaR,9/2/2021 5:45,1,1
haleakalaR,9/2/2021 19:00,1,1
haleakalaR,9/2/2021 19:14,1,1
haleakalaR,9/2/2021 19:30,1,1
haleakalaR,9/2/2021 19:44,1,1
haleakalaR,9/2/2021 19:59,1,1
haleakalaR,9/3/2021 4:59,1,1
haleakalaR,9/3/2021 5:15,1,1
haleakalaR,9/3/2021 5:29,1,1
haleakalaR,9/3/2021 5:30,1,1
haleakalaR,9/3/2021 5:44,1,1
haleakalaR,9/3/2021 18:59,1,1
haleakalaR,9/3/2021 19:14,1,1
haleakalaR,9/3/2021 19:15,1,1
haleakalaR,9/3/2021 19:30,1,1
haleakalaR,9/3/2021 19:44,1,1
haleakalaR,9/3/2021 20:00,1,1
haleakalaR,9/4/2021 4:59,1,1
haleakalaR,9/4/2021 5:14,1,1
haleakalaR,9/4/2021 5:29,1,1
haleakalaR,9/4/2021 5:45,1,0
haleakalaR,9/4/2021 19:00,1,0
haleakalaR,9/4/2021 19:14,1,0
haleakalaR,9/4/2021 19:29,1,0
haleakalaR,9/4/2021 19:44,1,0
haleakalaR,9/4/2021 19:59,1,1
haleakalaR,9/5/2021 4:59,1,1
haleakalaR,9/5/2021 5:14,1,1
haleakalaR,9/5/2021 5:15,1,1
haleakalaR,9/5/2021 5:29,1,1
haleakalaR,9/5/2021 5:45,1,1
haleakalaR,9/5/2021 18:59,1,1
haleakalaR,9/5/2021 19:00,1,1
haleakalaR,9/5/2021 19:15,1,1
haleakalaR,9/5/2021 19:30,1,1
haleakalaR,9/5/2021 19:45,1,1
haleakalaR,9/5/2021 19:59,1,1
haleakalaR,9/6/2021 4:59,1,1
haleakalaR,9/6/2021 5:14,1,1
haleakalaR,9/6/2021 5:29,1,1
haleakalaR,9/6/2021 5:45,1,1
haleakalaR,9/6/2021 19:00,1,1
haleakalaR,9/6/2021 19:14,1,1
haleakalaR,9/6/2021 19:30,1,1
haleakalaR,9/6/2021 19:45,1,1
haleakalaR,9/6/2021 19:59,1,1
haleakalaR,9/7/2021 5:00,1,1
haleakalaR,9/7/2021 5:14,1,1
haleakalaR,9/7/2021 5:30,1,1
haleakalaR,9/7/2021 5:45,1,1
haleakalaR,9/7/2021 19:00,1,1
haleakalaR,9/7/2021 19:15,1,0
haleakalaR,9/7/2021 19:29,1,0
haleakalaR,9/7/2021 19:45,1,0
haleakalaR,9/7/2021 20:00,1,0
haleakalaR,9/8/2021 5:00,1,0
haleakalaR,9/8/2021 5:15,1,1
haleakalaR,9/8/2021 5:30,1,1
haleakalaR,9/8/2021 5:44,1,1
haleakalaR,9/8/2021 18:59,1,1
haleakalaR,9/8/2021 19:00,1,1
haleakalaR,9/8/2021 19:15,1,1
haleakalaR,9/8/2021 19:29,1,1
haleakalaR,9/8/2021 19:44,1,1
haleakalaR,9/8/2021 19:59,1,0
haleakalaR,9/9/2021 4:59,1,0
haleakalaR,9/9/2021 5:14,1,0
haleakalaR,9/9/2021 5:29,1,0
haleakalaR,9/9/2021 5:45,1,0
haleakalaR,9/9/2021 18:59,1,0
haleakalaR,9/9/2021 19:14,1,0
haleakalaR,9/9/2021 19:30,1,0
haleakalaR,9/9/2021 19:45,1,0
haleakalaR,9/9/2021 19:59,1,0
haleakalaR,9/10/2021 5:00,1,0
haleakalaR,9/10/2021 5:14,1,0
haleakalaR,9/10/2021 5:30,1,1
haleakalaR,9/10/2021 5:45,1,1
haleakalaR,9/10/2021 18:59,1,1
haleakalaR,9/10/2021 19:00,1,1
haleakalaR,9/10/2021 19:14,1,1
haleakalaR,9/10/2021 19:30,1,1
haleakalaR,9/10/2021 19:45,1,1
haleakalaR,9/10/2021 19:59,1,1
haleakalaR,9/11/2021 4:59,1,1
haleakalaR,9/11/2021 5:14,1,1
haleakalaR,9/11/2021 5:30,1,0
haleakalaR,9/11/2021 5:44,1,0
haleakalaR,9/11/2021 19:00,1,0
haleakalaR,9/11/2021 19:15,1,0
haleakalaR,9/11/2021 19:30,1,0
haleakalaR,9/11/2021 19:44,1,1
haleakalaR,9/11/2021 20:00,1,1
haleakalaR,9/12/2021 4:59,1,1
haleakalaR,9/12/2021 5:15,1,1
haleakalaR,9/12/2021 5:30,1,1
haleakalaR,9/12/2021 5:45,1,1
haleakalaR,9/12/2021 18:59,1,1
haleakalaR,9/12/2021 19:14,1,1
haleakalaR,9/12/2021 19:29,1,1
haleakalaR,9/12/2021 19:44,1,1
haleakalaR,9/12/2021 19:59,1,1
haleakalaR,9/13/2021 5:00,1,1
haleakalaR,9/13/2021 5:14,1,1
haleakalaR,9/13/2021 5:30,1,1
haleakalaR,9/13/2021 5:45,1,1
haleakalaR,9/13/2021 19:00,1,1
haleakalaR,9/13/2021 19:15,1,1
haleakalaR,9/13/2021 19:30,1,1
haleakalaR,9/13/2021 19:45,1,1
haleakalaR,9/13/2021 19:59,1,1
haleakalaR,9/14/2021 5:00,1,1
haleakalaR,9/14/2021 5:15,1,1
haleakalaR,9/14/2021 5:30,1,1
haleakalaR,9/14/2021 5:45,1,1
haleakalaR,9/14/2021 18:44,1,1
haleakalaR,9/14/2021 18:59,1,1
haleakalaR,9/14/2021 19:14,1,0
haleakalaR,9/14/2021 19:29,1,0
haleakalaR,9/14/2021 19:44,1,0
haleakalaR,9/14/2021 19:59,1,0
haleakalaR,9/15/2021 5:00,1,0
haleakalaR,9/15/2021 5:15,1,1
haleakalaR,9/15/2021 5:30,1,1
haleakalaR,9/15/2021 5:45,1,1
haleakalaR,9/15/2021 19:00,1,1
haleakalaR,9/15/2021 19:14,1,1
haleakalaR,9/15/2021 19:30,1,1
haleakalaR,9/15/2021 19:44,1,1
haleakalaR,9/15/2021 19:59,1,1
haleakalaR,9/16/2021 4:59,1,0
haleakalaR,9/16/2021 5:14,1,0
haleakalaR,9/16/2021 5:29,1,0
haleakalaR,9/16/2021 5:44,1,0
haleakalaR,9/16/2021 18:45,1,0
haleakalaR,9/16/2021 18:59,1,0
haleakalaR,9/16/2021 19:14,1,0
haleakalaR,9/16/2021 19:30,1,0
haleakalaR,9/16/2021 19:45,1,0
haleakalaR,9/16/2021 19:59,1,0
haleakalaR,9/17/2021 5:00,1,0
haleakalaR,9/17/2021 5:14,1,0
haleakalaR,9/17/2021 5:30,1,1
haleakalaR,9/17/2021 5:45,1,1
haleakalaR,9/17/2021 18:44,1,1
haleakalaR,9/17/2021 19:00,1,1
haleakalaR,9/17/2021 19:15,1,1
haleakalaR,9/17/2021 19:30,1,1
haleakalaR,9/17/2021 19:44,1,1
haleakalaR,9/17/2021 19:59,1,1
haleakalaR,9/18/2021 4:59,1,1
haleakalaR,9/18/2021 5:14,1,1
haleakalaR,9/18/2021 5:29,1,0
haleakalaR,9/18/2021 5:44,1,0
haleakalaR,9/18/2021 18:59,1,0
haleakalaR,9/18/2021 19:14,1,0
haleakalaR,9/18/2021 19:29,1,0
haleakalaR,9/18/2021 19:45,1,1
haleakalaR,9/18/2021 19:59,1,1
haleakalaR,9/19/2021 5:00,1,1
haleakalaR,9/19/2021 5:14,1,1
haleakalaR,9/19/2021 5:29,1,1
haleakalaR,9/19/2021 5:45,1,1
haleakalaR,9/19/2021 18:44,1,1
haleakalaR,9/19/2021 18:59,1,1
haleakalaR,9/19/2021 19:14,1,1
haleakalaR,9/19/2021 19:29,1,1
haleakalaR,9/19/2021 19:44,1,1
haleakalaR,9/19/2021 19:59,1,1
haleakalaR,9/20/2021 4:59,1,1
haleakalaR,9/20/2021 5:14,1,1
haleakalaR,9/20/2021 5:29,1,1
haleakalaR,9/20/2021 5:45,1,1
haleakalaR,9/20/2021 18:45,1,1
haleakalaR,9/20/2021 18:59,1,1
haleakalaR,9/20/2021 19:14,1,1
haleakalaR,9/20/2021 19:29,1,1
haleakalaR,9/20/2021 19:44,1,1
haleakalaR,9/20/2021 19:59,1,1
haleakalaR,9/21/2021 5:00,1,1
haleakalaR,9/21/2021 5:14,1,1
haleakalaR,9/21/2021 5:29,1,1
haleakalaR,9/21/2021 5:45,1,1
haleakalaR,9/21/2021 5:59,1,0
haleakalaR,9/21/2021 18:44,1,0
haleakalaR,9/21/2021 18:59,1,0
haleakalaR,9/21/2021 19:14,1,0
haleakalaR,9/21/2021 19:30,1,0
haleakalaR,9/21/2021 19:44,1,1
haleakalaR,9/21/2021 19:59,1,1
haleakalaR,9/22/2021 4:59,1,1
haleakalaR,9/22/2021 5:14,1,1
haleakalaR,9/22/2021 5:29,1,1
haleakalaR,9/22/2021 5:45,1,1
haleakalaR,9/22/2021 18:45,1,1
haleakalaR,9/22/2021 19:00,1,1
haleakalaR,9/22/2021 19:15,1,0
haleakalaR,9/22/2021 19:29,1,0
haleakalaR,9/22/2021 19:45,1,0
haleakalaR,9/22/2021 19:59,1,0
haleakalaR,9/23/2021 4:59,1,0
haleakalaR,9/23/2021 5:14,1,0
haleakalaR,9/23/2021 5:29,1,0
haleakalaR,9/23/2021 5:45,1,0
haleakalaR,9/23/2021 18:45,1,0
haleakalaR,9/23/2021 19:00,1,0
haleakalaR,9/23/2021 19:14,1,0
haleakalaR,9/23/2021 19:15,1,0
haleakalaR,9/23/2021 19:29,1,1
haleakalaR,9/23/2021 19:30,1,1
haleakalaR,9/23/2021 19:45,1,1
haleakalaR,9/23/2021 20:00,1,1
haleakalaR,9/24/2021 4:59,1,1
haleakalaR,9/24/2021 5:14,1,1
haleakalaR,9/24/2021 5:15,1,1
haleakalaR,9/24/2021 5:29,1,1
haleakalaR,9/24/2021 5:30,1,1
haleakalaR,9/24/2021 5:44,1,1
haleakalaR,9/24/2021 5:45,1,0
haleakalaR,9/24/2021 18:44,1,0
haleakalaR,9/24/2021 18:59,1,0
haleakalaR,9/24/2021 19:00,1,0
haleakalaR,9/24/2021 19:14,1,0
haleakalaR,9/24/2021 19:29,1,1
haleakalaR,9/24/2021 19:44,1,1
haleakalaR,9/24/2021 19:45,1,1
haleakalaR,9/24/2021 19:59,1,1
haleakalaR,9/25/2021 4:59,1,1
haleakalaR,9/25/2021 5:00,1,1
haleakalaR,9/25/2021 5:14,1,1
haleakalaR,9/25/2021 5:15,1,1
haleakalaR,9/25/2021 5:29,1,1
haleakalaR,9/25/2021 5:30,1,1
haleakalaR,9/25/2021 5:44,1,1
haleakalaR,9/25/2021 5:45,1,1
haleakalaR,9/25/2021 18:45,1,1
haleakalaR,9/25/2021 18:59,1,1
haleakalaR,9/25/2021 19:00,1,1
haleakalaR,9/25/2021 19:14,1,1
haleakalaR,9/25/2021 19:29,1,1
haleakalaR,9/25/2021 19:30,1,1
haleakalaR,9/25/2021 19:44,1,1
haleakalaR,9/25/2021 19:45,1,1
haleakalaR,9/25/2021 19:59,1,1
haleakalaR,9/26/2021 4:59,1,1
haleakalaR,9/26/2021 5:14,1,1
haleakalaR,9/26/2021 5:15,1,1
haleakalaR,9/26/2021 5:29,1,1
haleakalaR,9/26/2021 5:30,1,1
haleakalaR,9/26/2021 5:44,1,0
haleakalaR,9/26/2021 18:45,1,0
haleakalaR,9/26/2021 18:59,1,0
haleakalaR,9/26/2021 19:14,1,0
haleakalaR,9/26/2021 19:15,1,0
haleakalaR,9/26/2021 19:29,1,1
haleakalaR,9/26/2021 19:30,1,1
haleakalaR,9/26/2021 19:44,1,1
haleakalaR,9/26/2021 19:59,1,1
haleakalaR,9/27/2021 4:59,1,1
haleakalaR,9/27/2021 5:00,1,1
haleakalaR,9/27/2021 5:14,1,1
haleakalaR,9/27/2021 5:15,1,1
haleakalaR,9/27/2021 5:29,1,0
haleakalaR,9/27/2021 5:30,1,0
haleakalaR,9/27/2021 5:44,1,0
haleakalaR,9/27/2021 5:45,1,0
haleakalaR,9/27/2021 18:45,1,0
haleakalaR,9/27/2021 18:59,1,0
haleakalaR,9/27/2021 19:00,1,0
haleakalaR,9/27/2021 19:14,1,0
haleakalaR,9/27/2021 19:15,1,0
haleakalaR,9/27/2021 19:30,1,0
haleakalaR,9/27/2021 19:44,1,0
haleakalaR,9/27/2021 19:45,1,0
haleakalaR,9/27/2021 20:00,1,1
haleakalaR,9/28/2021 4:59,1,1
haleakalaR,9/28/2021 5:00,1,1
haleakalaR,9/28/2021 5:14,1,1
haleakalaR,9/28/2021 5:15,1,1
haleakalaR,9/28/2021 5:29,1,1
haleakalaR,9/28/2021 5:30,1,1
haleakalaR,9/28/2021 5:44,1,1
haleakalaR,9/28/2021 18:44,1,1
haleakalaR,9/28/2021 18:45,1,1
haleakalaR,9/28/2021 18:59,1,0
haleakalaR,9/28/2021 19:00,1,0
haleakalaR,9/28/2021 19:14,1,0
haleakalaR,9/28/2021 19:29,1,0
haleakalaR,9/28/2021 19:30,1,0
haleakalaR,9/28/2021 19:45,1,1
haleakalaR,9/28/2021 19:59,1,1
haleakalaR,9/29/2021 4:59,1,1
haleakalaR,9/29/2021 5:14,1,1
haleakalaR,9/29/2021 5:15,1,1
haleakalaR,9/29/2021 5:29,1,1
haleakalaR,9/29/2021 5:44,1,1
haleakalaR,9/29/2021 5:45,1,1
haleakalaR,9/29/2021 5:59,1,1
haleakalaR,9/29/2021 18:44,1,1
haleakalaR,9/29/2021 18:45,1,1
haleakalaR,9/29/2021 18:59,1,1
haleakalaR,9/29/2021 19:14,1,1
haleakalaR,9/29/2021 19:15,1,1
haleakalaR,9/29/2021 19:29,1,1
haleakalaR,9/29/2021 19:30,1,1
haleakalaR,9/29/2021 19:44,1,1
haleakalaR,9/29/2021 19:59,1,1
haleakalaR,9/30/2021 4:59,1,1
haleakalaR,9/30/2021 5:00,1,1
haleakalaR,9/30/2021 5:14,1,1
haleakalaR,9/30/2021 5:15,1,1
haleakalaR,9/30/2021 5:29,1,1
haleakalaR,9/30/2021 5:30,1,1
haleakalaR,9/30/2021 5:44,1,1
haleakalaR,9/30/2021 5:59,1,1
haleakalaR,9/30/2021 6:00,1,0
haleakalaR,9/30/2021 18:44,1,0
haleakalaR,9/30/2021 18:45,1,0
haleakalaR,9/30/2021 19:00,1,0
haleakalaR,9/30/2021 19:14,1,0
haleakalaR,9/30/2021 19:30,1,1
haleakalaR,9/30/2021 19:44,1,1
haleakalaR,9/30/2021 19:59,1,1
haleakalaR,10/1/2021 4:59,1,1
haleakalaR,10/1/2021 5:14,1,1
haleakalaR,10/1/2021 5:15,1,1
haleakalaR,10/1/2021 5:29,1,1
haleakalaR,10/1/2021 5:44,1,1
haleakalaR,10/1/2021 18:44,1,0
haleakalaR,10/1/2021 18:59,1,0
haleakalaR,10/1/2021 19:14,1,0
haleakalaR,10/1/2021 19:15,1,0
haleakalaR,10/1/2021 19:29,1,0
haleakalaR,10/1/2021 19:30,1,0
haleakalaR,10/1/2021 19:44,1,0
haleakalaR,10/1/2021 19:59,1,0
haleakalaR,10/2/2021 4:59,1,0
haleakalaR,10/2/2021 5:00,1,0
haleakalaR,10/2/2021 5:14,1,0
haleakalaR,10/2/2021 5:29,1,0
haleakalaR,10/2/2021 5:30,1,1
haleakalaR,10/2/2021 5:44,1,1
haleakalaR,10/2/2021 5:45,1,1
haleakalaR,10/2/2021 18:44,1,1
haleakalaR,10/2/2021 18:45,1,1
haleakalaR,10/2/2021 18:59,1,1
haleakalaR,10/2/2021 19:00,1,1
haleakalaR,10/2/2021 19:14,1,1
haleakalaR,10/2/2021 19:15,1,1
haleakalaR,10/2/2021 19:29,1,1
haleakalaR,10/2/2021 19:30,1,1
haleakalaR,10/2/2021 19:44,1,1
haleakalaR,10/2/2021 19:59,1,1
haleakalaR,10/3/2021 4:59,1,1
haleakalaR,10/3/2021 5:14,1,1
haleakalaR,10/3/2021 5:29,1,1
haleakalaR,10/3/2021 5:44,1,1
haleakalaR,10/3/2021 18:29,1,1
haleakalaR,10/3/2021 18:44,1,1
haleakalaR,10/3/2021 18:45,1,1
haleakalaR,10/3/2021 18:59,1,1
haleakalaR,10/3/2021 19:14,1,1
haleakalaR,10/3/2021 19:29,1,1
haleakalaR,10/3/2021 19:30,1,1
haleakalaR,10/3/2021 19:44,1,1
haleakalaR,10/3/2021 19:45,1,1
haleakalaR,10/3/2021 19:59,1,0
haleakalaR,10/4/2021 4:59,1,0
haleakalaR,10/4/2021 5:14,1,0
haleakalaR,10/4/2021 5:15,1,0
haleakalaR,10/4/2021 5:29,1,0
haleakalaR,10/4/2021 5:44,1,1
haleakalaR,10/4/2021 5:45,1,1
haleakalaR,10/4/2021 18:44,1,1
haleakalaR,10/4/2021 18:45,1,1
haleakalaR,10/4/2021 18:59,1,1
haleakalaR,10/4/2021 19:00,1,1
haleakalaR,10/4/2021 19:14,1,1
haleakalaR,10/4/2021 19:29,1,1
haleakalaR,10/4/2021 19:44,1,1
haleakalaR,10/4/2021 19:59,1,1
haleakalaR,10/5/2021 4:59,1,1
haleakalaR,10/5/2021 5:14,1,1
haleakalaR,10/5/2021 5:15,1,1
haleakalaR,10/5/2021 5:29,1,1
haleakalaR,10/5/2021 5:44,1,1
haleakalaR,10/5/2021 5:45,1,1
haleakalaR,10/5/2021 18:29,1,1
haleakalaR,10/5/2021 18:44,1,1
haleakalaR,10/5/2021 18:45,1,1
haleakalaR,10/5/2021 18:59,1,1
haleakalaR,10/5/2021 19:00,1,1
haleakalaR,10/5/2021 19:14,1,1
haleakalaR,10/5/2021 19:15,1,1
haleakalaR,10/5/2021 19:29,1,1
haleakalaR,10/5/2021 19:30,1,1
haleakalaR,10/5/2021 19:44,1,1
haleakalaR,10/5/2021 19:45,1,0
haleakalaR,10/5/2021 19:59,1,0
haleakalaR,10/6/2021 4:59,1,0
haleakalaR,10/6/2021 5:14,1,0
haleakalaR,10/6/2021 5:29,1,0
haleakalaR,10/6/2021 5:30,1,1
haleakalaR,10/6/2021 5:44,1,1
haleakalaR,10/6/2021 5:45,1,1
haleakalaR,10/6/2021 18:44,1,1
haleakalaR,10/6/2021 18:45,1,1
haleakalaR,10/6/2021 18:59,1,1
haleakalaR,10/6/2021 19:00,1,1
haleakalaR,10/6/2021 19:14,1,1
haleakalaR,10/6/2021 19:29,1,0
haleakalaR,10/6/2021 19:30,1,0
haleakalaR,10/6/2021 19:44,1,0
haleakalaR,10/6/2021 19:45,1,0
haleakalaR,10/6/2021 19:59,1,0
haleakalaR,10/7/2021 4:59,1,0
haleakalaR,10/7/2021 5:14,1,0
haleakalaR,10/7/2021 5:15,1,0
haleakalaR,10/7/2021 5:29,1,0
haleakalaR,10/7/2021 5:44,1,0
haleakalaR,10/7/2021 5:45,1,0
haleakalaR,10/7/2021 18:29,1,0
haleakalaR,10/7/2021 18:30,1,1
haleakalaR,10/7/2021 18:44,1,1
haleakalaR,10/7/2021 18:59,1,1
haleakalaR,10/7/2021 19:14,1,1
haleakalaR,10/7/2021 19:29,1,1
haleakalaR,10/7/2021 19:30,1,1
haleakalaR,10/7/2021 19:44,1,1
haleakalaR,10/7/2021 19:45,1,1
haleakalaR,10/7/2021 19:59,1,1
haleakalaR,10/8/2021 4:59,1,1
haleakalaR,10/8/2021 5:14,1,0
haleakalaR,10/8/2021 5:15,1,0
haleakalaR,10/8/2021 5:29,1,0
haleakalaR,10/8/2021 5:30,1,0
haleakalaR,10/8/2021 5:44,1,0
haleakalaR,10/8/2021 5:45,1,1
haleakalaR,10/8/2021 5:59,1,1
haleakalaR,10/8/2021 6:00,1,1
haleakalaR,10/8/2021 18:29,1,1
haleakalaR,10/8/2021 18:44,1,1
haleakalaR,10/8/2021 19:00,1,1
haleakalaR,10/8/2021 19:14,1,1
haleakalaR,10/8/2021 19:29,1,1
haleakalaR,10/8/2021 19:30,1,1
haleakalaR,10/8/2021 19:44,1,1
haleakalaR,10/8/2021 19:45,1,1
haleakalaR,10/8/2021 19:59,1,1
haleakalaR,10/9/2021 4:59,1,1
haleakalaR,10/9/2021 5:00,1,1
haleakalaR,10/9/2021 5:14,1,1
haleakalaR,10/9/2021 5:15,1,1
haleakalaR,10/9/2021 5:29,1,1
haleakalaR,10/9/2021 5:44,1,1
haleakalaR,10/9/2021 5:45,1,1
haleakalaR,10/9/2021 5:59,1,1
haleakalaR,10/9/2021 6:00,1,1
haleakalaR,10/9/2021 18:30,1,1
haleakalaR,10/9/2021 18:44,1,1
haleakalaR,10/9/2021 18:45,1,1
haleakalaR,10/9/2021 18:59,1,1
haleakalaR,10/9/2021 19:00,1,1
haleakalaR,10/9/2021 19:15,1,0
haleakalaR,10/9/2021 19:29,1,0
haleakalaR,10/9/2021 19:44,1,0
haleakalaR,10/9/2021 19:45,1,0
haleakalaR,10/9/2021 19:59,1,0
haleakalaR,10/10/2021 4:59,1,1
haleakalaR,10/10/2021 5:00,1,1
haleakalaR,10/10/2021 5:15,1,1
haleakalaR,10/10/2021 5:29,1,1
haleakalaR,10/10/2021 5:30,1,1
haleakalaR,10/10/2021 5:44,1,1
haleakalaR,10/10/2021 5:45,1,1
haleakalaR,10/10/2021 5:59,1,1
haleakalaR,10/10/2021 6:00,1,0
haleakalaR,10/10/2021 18:30,1,0
haleakalaR,10/10/2021 18:44,1,0
haleakalaR,10/10/2021 18:45,1,0
haleakalaR,10/10/2021 18:59,1,0
haleakalaR,10/10/2021 19:14,1,0
haleakalaR,10/10/2021 19:29,1,0
haleakalaR,10/10/2021 19:30,1,0
haleakalaR,10/10/2021 19:44,1,0
haleakalaR,10/10/2021 19:45,1,0
haleakalaR,10/10/2021 19:59,1,0
haleakalaR,10/11/2021 4:59,1,0
haleakalaR,10/11/2021 5:14,1,1
haleakalaR,10/11/2021 5:15,1,1
haleakalaR,10/11/2021 5:29,1,1
haleakalaR,10/11/2021 5:30,1,1
haleakalaR,10/11/2021 5:44,1,1
haleakalaR,10/11/2021 5:45,1,1
haleakalaR,10/11/2021 5:59,1,1
haleakalaR,10/11/2021 6:00,1,1
haleakalaR,10/11/2021 18:30,1,1
haleakalaR,10/11/2021 18:44,1,1
haleakalaR,10/11/2021 18:59,1,0
haleakalaR,10/11/2021 19:14,1,0
haleakalaR,10/11/2021 19:29,1,0
haleakalaR,10/11/2021 19:30,1,0
haleakalaR,10/11/2021 19:44,1,0
haleakalaR,10/11/2021 19:45,1,1
haleakalaR,10/11/2021 19:59,1,1
haleakalaR,10/12/2021 4:59,1,1
haleakalaR,10/12/2021 5:14,1,1
haleakalaR,10/12/2021 5:15,1,1
haleakalaR,10/12/2021 5:29,1,1
haleakalaR,10/12/2021 5:30,1,1
haleakalaR,10/12/2021 5:45,1,1
haleakalaR,10/12/2021 5:59,1,1
haleakalaR,10/12/2021 18:29,1,1
haleakalaR,10/12/2021 18:44,1,1
haleakalaR,10/12/2021 18:45,1,1
haleakalaR,10/12/2021 18:59,1,1
haleakalaR,10/12/2021 19:00,1,1
haleakalaR,10/12/2021 19:14,1,1
haleakalaR,10/12/2021 19:29,1,1
haleakalaR,10/12/2021 19:30,1,1
haleakalaR,10/12/2021 19:44,1,1
haleakalaR,10/12/2021 19:59,1,1
haleakalaR,10/13/2021 4:59,1,1
haleakalaR,10/13/2021 5:14,1,1
haleakalaR,10/13/2021 5:29,1,1
haleakalaR,10/13/2021 5:30,1,1
haleakalaR,10/13/2021 5:44,1,1
haleakalaR,10/13/2021 18:29,1,1
haleakalaR,10/13/2021 18:44,1,1
haleakalaR,10/13/2021 18:45,1,0
haleakalaR,10/13/2021 18:59,1,0
haleakalaR,10/13/2021 19:00,1,0
haleakalaR,10/13/2021 19:14,1,0
haleakalaR,10/13/2021 19:29,1,0
haleakalaR,10/13/2021 19:30,1,1
haleakalaR,10/13/2021 19:44,1,1
haleakalaR,10/13/2021 19:59,1,1
haleakalaR,10/14/2021 4:59,1,1
haleakalaR,10/14/2021 5:00,1,1
haleakalaR,10/14/2021 5:14,1,1
haleakalaR,10/14/2021 5:29,1,1
haleakalaR,10/14/2021 5:30,1,1
haleakalaR,10/14/2021 5:44,1,0
haleakalaR,10/14/2021 18:29,1,0
haleakalaR,10/14/2021 18:30,1,0
haleakalaR,10/14/2021 18:45,1,0
haleakalaR,10/14/2021 19:00,1,0
haleakalaR,10/14/2021 19:14,1,0
haleakalaR,10/14/2021 19:15,1,0
haleakalaR,10/14/2021 19:30,1,0
haleakalaR,10/14/2021 19:45,1,0
haleakalaR,10/14/2021 20:00,1,0
haleakalaR,10/15/2021 4:59,1,0
haleakalaR,10/15/2021 5:14,1,0
haleakalaR,10/15/2021 5:29,1,1
haleakalaR,10/15/2021 5:30,1,1
haleakalaR,10/15/2021 5:44,1,1
haleakalaR,10/15/2021 5:59,1,1
haleakalaR,10/15/2021 6:00,1,1
haleakalaR,10/15/2021 18:30,1,1
haleakalaR,10/15/2021 18:44,1,1
haleakalaR,10/15/2021 18:45,1,1
haleakalaR,10/15/2021 19:00,1,1
haleakalaR,10/15/2021 19:14,1,1
haleakalaR,10/15/2021 19:15,1,0
haleakalaR,10/15/2021 19:29,1,0
haleakalaR,10/15/2021 19:44,1,0
haleakalaR,10/15/2021 19:45,1,0
haleakalaR,10/15/2021 19:59,1,0
haleakalaR,10/16/2021 4:59,1,1
haleakalaR,10/16/2021 5:00,1,1
haleakalaR,10/16/2021 5:14,1,1
haleakalaR,10/16/2021 5:15,1,1
haleakalaR,10/16/2021 5:29,1,1
haleakalaR,10/16/2021 5:44,1,1
haleakalaR,10/16/2021 5:59,1,1
haleakalaR,10/16/2021 6:00,1,1
haleakalaR,10/16/2021 18:29,1,1
haleakalaR,10/16/2021 18:30,1,1
haleakalaR,10/16/2021 18:44,1,1
haleakalaR,10/16/2021 18:45,1,1
haleakalaR,10/16/2021 18:59,1,1
haleakalaR,10/16/2021 19:00,1,1
haleakalaR,10/16/2021 19:14,1,1
haleakalaR,10/16/2021 19:15,1,1
haleakalaR,10/16/2021 19:29,1,1
haleakalaR,10/16/2021 19:44,1,1
haleakalaR,10/16/2021 19:45,1,1
haleakalaR,10/16/2021 19:59,1,1
haleakalaR,10/17/2021 4:59,1,1
haleakalaR,10/17/2021 5:14,1,1
haleakalaR,10/17/2021 5:15,1,1
haleakalaR,10/17/2021 5:29,1,1
haleakalaR,10/17/2021 5:30,1,1
haleakalaR,10/17/2021 5:44,1,1
haleakalaR,10/17/2021 5:45,1,0
haleakalaR,10/17/2021 6:00,1,0
haleakalaR,10/17/2021 18:29,1,0
haleakalaR,10/17/2021 18:30,1,0
haleakalaR,10/17/2021 18:44,1,0
haleakalaR,10/17/2021 18:45,1,1
haleakalaR,10/17/2021 18:59,1,1
haleakalaR,10/17/2021 19:00,1,1
haleakalaR,10/17/2021 19:14,1,1
haleakalaR,10/17/2021 19:15,1,1
haleakalaR,10/17/2021 19:29,1,1
haleakalaR,10/17/2021 19:44,1,1
haleakalaR,10/17/2021 19:45,1,1
haleakalaR,10/17/2021 19:59,1,0
haleakalaR,10/18/2021 4:59,1,0
haleakalaR,10/18/2021 5:15,1,0
haleakalaR,10/18/2021 5:30,1,0
haleakalaR,10/18/2021 5:44,1,0
haleakalaR,10/18/2021 5:45,1,0
haleakalaR,10/18/2021 6:00,1,0
haleakalaR,10/18/2021 18:29,1,0
haleakalaR,10/18/2021 18:30,1,0
haleakalaR,10/18/2021 18:45,1,0
haleakalaR,10/18/2021 18:59,1,0
haleakalaR,10/18/2021 19:00,1,0
haleakalaR,10/18/2021 19:15,1,1
haleakalaR,10/18/2021 19:30,1,1
haleakalaR,10/18/2021 19:45,1,1
haleakalaR,10/18/2021 19:59,1,1
haleakalaR,10/19/2021 4:59,1,1
haleakalaR,10/19/2021 5:14,1,1
haleakalaR,10/19/2021 5:30,1,1
haleakalaR,10/19/2021 5:45,1,1
haleakalaR,10/19/2021 5:59,1,1
haleakalaR,10/19/2021 6:00,1,1
haleakalaR,10/19/2021 18:29,1,0
haleakalaR,10/19/2021 18:30,1,0
haleakalaR,10/19/2021 18:44,1,0
haleakalaR,10/19/2021 18:59,1,0
haleakalaR,10/19/2021 19:14,1,0
haleakalaR,10/19/2021 19:29,1,1
haleakalaR,10/19/2021 19:44,1,1
haleakalaR,10/19/2021 19:45,1,1
haleakalaR,10/19/2021 19:59,1,1
haleakalaR,10/20/2021 4:59,1,1
haleakalaR,10/20/2021 5:00,1,1
haleakalaR,10/20/2021 5:14,1,1
haleakalaR,10/20/2021 5:15,1,1
haleakalaR,10/20/2021 5:29,1,1
haleakalaR,10/20/2021 5:30,1,1
haleakalaR,10/20/2021 5:44,1,1
haleakalaR,10/20/2021 6:00,1,1
haleakalaR,10/20/2021 18:29,1,1
haleakalaR,10/20/2021 18:30,1,1
haleakalaR,10/20/2021 18:44,1,1
haleakalaR,10/20/2021 18:45,1,1
haleakalaR,10/20/2021 18:59,1,1
haleakalaR,10/20/2021 19:00,1,1
haleakalaR,10/20/2021 19:14,1,1
haleakalaR,10/20/2021 19:15,1,1
haleakalaR,10/20/2021 19:29,1,1
haleakalaR,10/20/2021 19:44,1,1
haleakalaR,10/20/2021 19:59,1,1
haleakalaR,10/21/2021 4:59,1,1
haleakalaR,10/21/2021 5:14,1,1
haleakalaR,10/21/2021 5:15,1,1
haleakalaR,10/21/2021 5:29,1,0
haleakalaR,10/21/2021 5:44,1,0
haleakalaR,10/21/2021 5:45,1,0
haleakalaR,10/21/2021 6:00,1,0
haleakalaR,10/21/2021 18:30,1,0
haleakalaR,10/21/2021 18:44,1,1
haleakalaR,10/21/2021 18:45,1,1
haleakalaR,10/21/2021 18:59,1,1
haleakalaR,10/21/2021 19:14,1,1
haleakalaR,10/21/2021 19:15,1,1
haleakalaR,10/21/2021 19:29,1,1
haleakalaR,10/21/2021 19:30,1,1
haleakalaR,10/21/2021 19:44,1,1
haleakalaR,10/21/2021 19:45,1,0
haleakalaR,10/21/2021 19:59,1,0
haleakalaR,10/22/2021 4:59,1,0
haleakalaR,10/22/2021 5:00,1,0
haleakalaR,10/22/2021 5:14,1,0
haleakalaR,10/22/2021 5:15,1,0
haleakalaR,10/22/2021 5:29,1,0
haleakalaR,10/22/2021 5:44,1,0
haleakalaR,10/22/2021 5:45,1,0
haleakalaR,10/22/2021 5:59,1,0
haleakalaR,10/22/2021 6:00,1,0
haleakalaR,10/22/2021 18:29,1,0
haleakalaR,10/22/2021 18:44,1,1
haleakalaR,10/22/2021 18:45,1,1
haleakalaR,10/22/2021 18:59,1,1
haleakalaR,10/22/2021 19:00,1,1
haleakalaR,10/22/2021 19:14,1,1
haleakalaR,10/22/2021 19:15,1,1
haleakalaR,10/22/2021 19:29,1,1
haleakalaR,10/22/2021 19:44,1,1
haleakalaR,10/22/2021 19:45,1,1
haleakalaR,10/22/2021 19:59,1,1
haleakalaR,10/23/2021 4:59,1,1
haleakalaR,10/23/2021 5:14,1,1
haleakalaR,10/23/2021 5:15,1,1
haleakalaR,10/23/2021 5:29,1,1
haleakalaR,10/23/2021 5:30,1,1
haleakalaR,10/23/2021 5:44,1,1
haleakalaR,10/23/2021 6:00,1,1
haleakalaR,10/23/2021 18:29,1,1
haleakalaR,10/23/2021 18:30,1,1
haleakalaR,10/23/2021 18:44,1,1
haleakalaR,10/23/2021 18:59,1,1
haleakalaR,10/23/2021 19:00,1,1
haleakalaR,10/23/2021 19:14,1,1
haleakalaR,10/23/2021 19:29,1,1
haleakalaR,10/23/2021 19:30,1,1
haleakalaR,10/23/2021 19:44,1,1
haleakalaR,10/23/2021 19:59,1,0
haleakalaR,10/24/2021 4:59,1,0
haleakalaR,10/24/2021 5:00,1,0
haleakalaR,10/24/2021 5:14,1,0
haleakalaR,10/24/2021 5:15,1,0
haleakalaR,10/24/2021 5:29,1,1
haleakalaR,10/24/2021 5:30,1,1
haleakalaR,10/24/2021 5:44,1,1
haleakalaR,10/24/2021 5:59,1,1
haleakalaR,10/24/2021 6:00,1,1
haleakalaR,10/24/2021 18:30,1,1
haleakalaR,10/24/2021 18:44,1,1
haleakalaR,10/24/2021 18:59,1,1
haleakalaR,10/24/2021 19:00,1,1
haleakalaR,10/24/2021 19:14,1,1
haleakalaR,10/24/2021 19:15,1,1
haleakalaR,10/24/2021 19:29,1,1
haleakalaR,10/24/2021 19:44,1,1
haleakalaR,10/24/2021 19:45,1,1
haleakalaR,10/24/2021 19:59,1,1
haleakalaR,10/25/2021 4:59,1,1
haleakalaR,10/25/2021 5:00,1,1
haleakalaR,10/25/2021 5:14,1,1
haleakalaR,10/25/2021 5:15,1,1
haleakalaR,10/25/2021 5:29,1,1
haleakalaR,10/25/2021 5:30,1,1
haleakalaR,10/25/2021 5:44,1,1
haleakalaR,10/25/2021 5:45,1,1
haleakalaR,10/25/2021 5:59,1,1
haleakalaR,10/25/2021 18:29,1,1
haleakalaR,10/25/2021 18:44,1,1
haleakalaR,10/25/2021 18:45,1,0
haleakalaR,10/25/2021 18:59,1,0
haleakalaR,10/25/2021 19:00,1,0
haleakalaR,10/25/2021 19:14,1,0
haleakalaR,10/25/2021 19:29,1,0
haleakalaR,10/25/2021 19:30,1,1
haleakalaR,10/25/2021 19:44,1,1
haleakalaR,10/25/2021 19:59,1,1
haleakalaR,10/26/2021 4:59,1,1
haleakalaR,10/26/2021 5:00,1,1
haleakalaR,10/26/2021 5:14,1,1
haleakalaR,10/26/2021 5:15,1,1
haleakalaR,10/26/2021 5:29,1,1
haleakalaR,10/26/2021 5:44,1,0
haleakalaR,10/26/2021 5:45,1,0
haleakalaR,10/26/2021 5:59,1,0
haleakalaR,10/26/2021 18:29,1,0
haleakalaR,10/26/2021 18:30,1,0
haleakalaR,10/26/2021 18:44,1,0
haleakalaR,10/26/2021 18:59,1,0
haleakalaR,10/26/2021 19:14,1,0
haleakalaR,10/26/2021 19:15,1,0
haleakalaR,10/26/2021 19:29,1,0
haleakalaR,10/26/2021 19:44,1,0
haleakalaR,10/26/2021 19:45,1,0
haleakalaR,10/26/2021 19:59,1,1
haleakalaR,10/27/2021 4:59,1,1
haleakalaR,10/27/2021 5:00,1,1
haleakalaR,10/27/2021 5:14,1,1
haleakalaR,10/27/2021 5:15,1,1
haleakalaR,10/27/2021 5:29,1,1
haleakalaR,10/27/2021 5:30,1,1
haleakalaR,10/27/2021 5:44,1,1
haleakalaR,10/27/2021 5:45,1,1
haleakalaR,10/27/2021 6:00,1,1
haleakalaR,10/27/2021 18:14,1,0
haleakalaR,10/27/2021 18:30,1,0
haleakalaR,10/27/2021 18:44,1,0
haleakalaR,10/27/2021 18:59,1,0
haleakalaR,10/27/2021 19:00,1,0
haleakalaR,10/27/2021 19:14,1,1
haleakalaR,10/27/2021 19:15,1,1
haleakalaR,10/27/2021 19:29,1,1
haleakalaR,10/27/2021 19:45,1,1
haleakalaR,10/27/2021 20:00,1,1
haleakalaR,10/28/2021 4:59,1,1
haleakalaR,10/28/2021 5:14,1,1
haleakalaR,10/28/2021 5:15,1,1
haleakalaR,10/28/2021 5:29,1,1
haleakalaR,10/28/2021 5:30,1,1
haleakalaR,10/28/2021 5:44,1,1
haleakalaR,10/28/2021 5:45,1,1
haleakalaR,10/28/2021 5:59,1,1
haleakalaR,10/28/2021 18:14,1,1
haleakalaR,10/28/2021 18:15,1,1
haleakalaR,10/28/2021 18:29,1,1
haleakalaR,10/28/2021 18:30,1,1
haleakalaR,10/28/2021 18:44,1,1
haleakalaR,10/28/2021 18:45,1,1
haleakalaR,10/28/2021 18:59,1,1
haleakalaR,10/28/2021 19:00,1,1
haleakalaR,10/28/2021 19:14,1,1
haleakalaR,10/28/2021 19:15,1,1
haleakalaR,10/28/2021 19:29,1,1
haleakalaR,10/28/2021 19:45,1,1
haleakalaR,10/28/2021 19:59,1,1
haleakalaR,10/29/2021 4:59,1,0
haleakalaR,10/29/2021 5:00,1,0
haleakalaR,10/29/2021 5:14,1,0
haleakalaR,10/29/2021 5:15,1,0
haleakalaR,10/29/2021 5:29,1,0
haleakalaR,10/29/2021 5:30,1,1
haleakalaR,10/29/2021 5:44,1,1
haleakalaR,10/29/2021 5:59,1,1
haleakalaR,10/29/2021 6:00,1,1
haleakalaR,10/29/2021 18:14,1,1
haleakalaR,10/29/2021 18:15,1,1
haleakalaR,10/29/2021 18:29,1,1
haleakalaR,10/29/2021 18:30,1,1
haleakalaR,10/29/2021 18:44,1,0
haleakalaR,10/29/2021 18:45,1,0
haleakalaR,10/29/2021 18:59,1,0
haleakalaR,10/29/2021 19:00,1,0
haleakalaR,10/29/2021 19:14,1,0
haleakalaR,10/29/2021 19:29,1,0
haleakalaR,10/29/2021 19:44,1,0
haleakalaR,10/29/2021 19:45,1,0
haleakalaR,10/29/2021 19:59,1,0
haleakalaR,10/30/2021 4:59,1,0
haleakalaR,10/30/2021 5:00,1,0
haleakalaR,10/30/2021 5:14,1,0
haleakalaR,10/30/2021 5:29,1,1
haleakalaR,10/30/2021 5:30,1,1
haleakalaR,10/30/2021 5:44,1,1
haleakalaR,10/30/2021 5:59,1,1
haleakalaR,10/30/2021 6:00,1,1
haleakalaR,10/30/2021 18:29,1,1
haleakalaR,10/30/2021 18:44,1,1
haleakalaR,10/30/2021 19:00,1,1
haleakalaR,10/30/2021 19:14,1,1
haleakalaR,10/30/2021 19:15,1,1
haleakalaR,10/30/2021 19:29,1,0
haleakalaR,10/30/2021 19:30,1,0
haleakalaR,10/30/2021 19:44,1,0
haleakalaR,10/30/2021 19:45,1,0
haleakalaR,10/30/2021 19:59,1,0
haleakalaR,10/31/2021 4:59,1,1
haleakalaR,10/31/2021 5:00,1,1
haleakalaR,10/31/2021 5:14,1,1
haleakalaR,10/31/2021 5:15,1,1
haleakalaR,10/31/2021 5:29,1,1
haleakalaR,10/31/2021 5:30,1,1
haleakalaR,10/31/2021 5:44,1,1
haleakalaR,10/31/2021 5:45,1,1
haleakalaR,10/31/2021 5:59,1,1
haleakalaR,10/31/2021 18:29,1,1
haleakalaR,10/31/2021 18:30,1,1
haleakalaR,10/31/2021 18:44,1,1
haleakalaR,10/31/2021 18:45,1,1
haleakalaR,10/31/2021 18:59,1,1
haleakalaR,10/31/2021 19:00,1,1
haleakalaR,10/31/2021 19:14,1,1
haleakalaR,10/31/2021 19:15,1,1
haleakalaR,10/31/2021 19:29,1,1
haleakalaR,10/31/2021 19:30,1,1
haleakalaR,10/31/2021 19:44,1,1
haleakalaR,10/31/2021 19:45,1,1
haleakalaR,10/31/2021 19:59,1,1
haleakalaR,11/1/2021 4:59,1,1
haleakalaR,11/1/2021 5:00,1,1
haleakalaR,11/1/2021 5:14,1,1
haleakalaR,11/1/2021 5:29,1,1
haleakalaR,11/1/2021 5:44,1,0
haleakalaR,11/1/2021 5:59,1,0
haleakalaR,11/1/2021 6:00,1,0
haleakalaR,11/1/2021 18:14,1,0
haleakalaR,11/1/2021 18:15,1,0
haleakalaR,11/1/2021 18:29,1,1
haleakalaR,11/1/2021 18:30,1,1
haleakalaR,11/1/2021 18:44,1,1
haleakalaR,11/1/2021 18:59,1,1
haleakalaR,11/1/2021 19:00,1,1
haleakalaR,11/1/2021 19:14,1,1
haleakalaR,11/1/2021 19:29,1,1
haleakalaR,11/1/2021 19:44,1,1
haleakalaR,11/1/2021 19:45,1,0
haleakalaR,11/1/2021 19:59,1,0
haleakalaR,11/2/2021 4:59,1,0
haleakalaR,11/2/2021 5:00,1,0
haleakalaR,11/2/2021 5:14,1,0
haleakalaR,11/2/2021 5:29,1,0
haleakalaR,11/2/2021 5:30,1,0
haleakalaR,11/2/2021 5:44,1,0
haleakalaR,11/2/2021 5:59,1,0
haleakalaR,11/2/2021 6:00,1,0
haleakalaR,11/2/2021 18:14,1,0
haleakalaR,11/2/2021 18:29,1,0
haleakalaR,11/2/2021 18:30,1,1
haleakalaR,11/2/2021 18:44,1,1
haleakalaR,11/2/2021 18:45,1,1
haleakalaR,11/2/2021 18:59,1,1
haleakalaR,11/2/2021 19:14,1,1
haleakalaR,11/2/2021 19:15,1,1
haleakalaR,11/2/2021 19:29,1,1
haleakalaR,11/2/2021 19:44,1,1
haleakalaR,11/2/2021 19:45,1,1
haleakalaR,11/2/2021 19:59,1,1
haleakalaR,11/3/2021 4:59,1,0
haleakalaR,11/3/2021 5:00,1,0
haleakalaR,11/3/2021 5:14,1,0
haleakalaR,11/3/2021 5:15,1,0
haleakalaR,11/3/2021 5:29,1,0
haleakalaR,11/3/2021 5:30,1,1
haleakalaR,11/3/2021 5:44,1,1
haleakalaR,11/3/2021 5:45,1,1
haleakalaR,11/3/2021 5:59,1,1
haleakalaR,11/3/2021 6:00,1,1
haleakalaR,11/3/2021 18:14,1,1
haleakalaR,11/3/2021 18:30,1,1
haleakalaR,11/3/2021 18:45,1,1
haleakalaR,11/3/2021 19:00,1,1
haleakalaR,11/3/2021 19:15,1,1
haleakalaR,11/3/2021 19:30,1,1
haleakalaR,11/3/2021 19:45,1,1
haleakalaR,11/3/2021 20:00,1,1
haleakalaR,11/4/2021 4:59,1,1
haleakalaR,11/4/2021 5:14,1,1
haleakalaR,11/4/2021 5:29,1,1
haleakalaR,11/4/2021 5:30,1,1
haleakalaR,11/4/2021 5:44,1,1
haleakalaR,11/4/2021 5:59,1,1
haleakalaR,11/4/2021 18:15,1,1
haleakalaR,11/4/2021 18:29,1,1
haleakalaR,11/4/2021 18:44,1,1
haleakalaR,11/4/2021 18:45,1,1
haleakalaR,11/4/2021 18:59,1,1
haleakalaR,11/4/2021 19:14,1,1
haleakalaR,11/4/2021 19:29,1,1
haleakalaR,11/4/2021 19:30,1,0
haleakalaR,11/4/2021 19:44,1,0
haleakalaR,11/4/2021 19:45,1,0
haleakalaR,11/4/2021 19:59,1,0
haleakalaR,11/5/2021 4:59,1,0
haleakalaR,11/5/2021 5:00,1,1
haleakalaR,11/5/2021 5:14,1,1
haleakalaR,11/5/2021 5:29,1,1
haleakalaR,11/5/2021 5:44,1,1
haleakalaR,11/5/2021 5:59,1,1
haleakalaR,11/5/2021 6:00,1,1
haleakalaR,11/5/2021 18:14,1,1
haleakalaR,11/5/2021 18:15,1,1
haleakalaR,11/5/2021 18:29,1,0
haleakalaR,11/5/2021 18:44,1,0
haleakalaR,11/5/2021 18:45,1,0
haleakalaR,11/5/2021 18:59,1,0
haleakalaR,11/5/2021 19:14,1,0
haleakalaR,11/5/2021 19:15,1,0
haleakalaR,11/5/2021 19:29,1,0
haleakalaR,11/5/2021 19:30,1,0
haleakalaR,11/5/2021 19:44,1,0
haleakalaR,11/5/2021 19:45,1,0
haleakalaR,11/5/2021 19:59,1,0
haleakalaR,11/6/2021 4:59,1,0
haleakalaR,11/6/2021 5:00,1,1
haleakalaR,11/6/2021 5:14,1,1
haleakalaR,11/6/2021 5:15,1,1
haleakalaR,11/6/2021 5:29,1,1
haleakalaR,11/6/2021 5:44,1,1
haleakalaR,11/6/2021 5:45,1,1
haleakalaR,11/6/2021 5:59,1,1
haleakalaR,11/6/2021 18:15,1,1
haleakalaR,11/6/2021 18:29,1,1
haleakalaR,11/6/2021 18:30,1,1
haleakalaR,11/6/2021 18:44,1,0
haleakalaR,11/6/2021 18:45,1,0
haleakalaR,11/6/2021 18:59,1,0
haleakalaR,11/6/2021 19:00,1,0
haleakalaR,11/6/2021 19:14,1,0
haleakalaR,11/6/2021 19:15,1,1
haleakalaR,11/6/2021 19:29,1,1
haleakalaR,11/6/2021 19:44,1,1
haleakalaR,11/6/2021 19:59,1,1
haleakalaR,11/7/2021 4:59,1,1
haleakalaR,11/7/2021 5:00,1,1
haleakalaR,11/7/2021 5:14,1,1
haleakalaR,11/7/2021 5:15,1,1
haleakalaR,11/7/2021 5:29,1,1
haleakalaR,11/7/2021 5:30,1,1
haleakalaR,11/7/2021 5:44,1,1
haleakalaR,11/7/2021 5:59,1,1
haleakalaR,11/7/2021 6:00,1,1
haleakalaR,11/7/2021 18:14,1,1
haleakalaR,11/7/2021 18:30,1,1
haleakalaR,11/7/2021 18:44,1,1
haleakalaR,11/7/2021 18:59,1,1
haleakalaR,11/7/2021 19:14,1,1
haleakalaR,11/7/2021 19:15,1,1
haleakalaR,11/7/2021 19:29,1,1
haleakalaR,11/7/2021 19:30,1,1
haleakalaR,11/7/2021 19:44,1,1
haleakalaR,11/7/2021 19:59,1,1
haleakalaR,11/8/2021 4:59,1,1
haleakalaR,11/8/2021 5:00,1,1
haleakalaR,11/8/2021 5:14,1,1
haleakalaR,11/8/2021 5:15,1,0
haleakalaR,11/8/2021 5:29,1,0
haleakalaR,11/8/2021 5:30,1,0
haleakalaR,11/8/2021 5:44,1,0
haleakalaR,11/8/2021 5:59,1,0
haleakalaR,11/8/2021 18:14,1,1
haleakalaR,11/8/2021 18:15,1,1
haleakalaR,11/8/2021 18:29,1,1
haleakalaR,11/8/2021 18:44,1,1
haleakalaR,11/8/2021 18:45,1,1
haleakalaR,11/8/2021 18:59,1,1
haleakalaR,11/8/2021 19:00,1,1
haleakalaR,11/8/2021 19:14,1,1
haleakalaR,11/8/2021 19:15,1,0
haleakalaR,11/8/2021 19:29,1,0
haleakalaR,11/8/2021 19:44,1,0
haleakalaR,11/8/2021 19:59,1,0
haleakalaR,11/9/2021 4:59,1,0
haleakalaR,11/9/2021 5:00,1,0
haleakalaR,11/9/2021 5:14,1,0
haleakalaR,11/9/2021 5:29,1,0
haleakalaR,11/9/2021 5:44,1,0
haleakalaR,11/9/2021 5:59,1,0
haleakalaR,11/9/2021 18:15,1,0
haleakalaR,11/9/2021 18:29,1,0
haleakalaR,11/9/2021 18:30,1,1
haleakalaR,11/9/2021 18:44,1,1
haleakalaR,11/9/2021 18:45,1,1
haleakalaR,11/9/2021 18:59,1,1
haleakalaR,11/9/2021 19:00,1,1
haleakalaR,11/9/2021 19:14,1,1
haleakalaR,11/9/2021 19:15,1,1
haleakalaR,11/9/2021 19:29,1,1
haleakalaR,11/9/2021 19:44,1,1
haleakalaR,11/9/2021 19:45,1,1
haleakalaR,11/9/2021 19:59,1,1
haleakalaR,11/10/2021 4:59,1,1
haleakalaR,11/10/2021 5:14,1,1
haleakalaR,11/10/2021 5:15,1,1
haleakalaR,11/10/2021 5:29,1,1
haleakalaR,11/10/2021 5:44,1,1
haleakalaR,11/10/2021 5:45,1,1
haleakalaR,11/10/2021 5:59,1,1
haleakalaR,11/10/2021 6:00,1,1
haleakalaR,11/10/2021 6:14,1,1
haleakalaR,11/10/2021 6:15,1,1
haleakalaR,11/10/2021 18:14,1,1
haleakalaR,11/10/2021 18:15,1,1
haleakalaR,11/10/2021 18:29,1,1
haleakalaR,11/10/2021 18:44,1,1
haleakalaR,11/10/2021 18:45,1,1
haleakalaR,11/10/2021 18:59,1,0
haleakalaR,11/10/2021 19:00,1,0
haleakalaR,11/10/2021 19:14,1,0
haleakalaR,11/10/2021 19:15,1,0
haleakalaR,11/10/2021 19:29,1,0
haleakalaR,11/10/2021 19:30,1,1
haleakalaR,11/10/2021 19:44,1,1
haleakalaR,11/10/2021 19:59,1,1
haleakalaR,11/11/2021 4:59,1,1
haleakalaR,11/11/2021 5:14,1,1
haleakalaR,11/11/2021 5:29,1,1
haleakalaR,11/11/2021 5:30,1,1
haleakalaR,11/11/2021 5:44,1,1
haleakalaR,11/11/2021 5:59,1,1
haleakalaR,11/11/2021 6:00,1,1
haleakalaR,11/11/2021 18:14,1,1
haleakalaR,11/11/2021 18:29,1,1
haleakalaR,11/11/2021 18:30,1,1
haleakalaR,11/11/2021 18:44,1,1
haleakalaR,11/11/2021 18:59,1,1
haleakalaR,11/11/2021 19:00,1,1
haleakalaR,11/11/2021 19:14,1,1
haleakalaR,11/11/2021 19:15,1,1
haleakalaR,11/11/2021 19:29,1,1
haleakalaR,11/11/2021 19:30,1,1
haleakalaR,11/11/2021 19:44,1,1
haleakalaR,11/11/2021 19:45,1,1
haleakalaR,11/11/2021 19:59,1,1
haleakalaR,11/12/2021 4:59,1,1
haleakalaR,11/12/2021 5:14,1,1
haleakalaR,11/12/2021 5:29,1,1
haleakalaR,11/12/2021 5:30,1,0
haleakalaR,11/12/2021 5:44,1,0
haleakalaR,11/12/2021 6:00,1,0
haleakalaR,11/12/2021 6:15,1,0
haleakalaR,11/12/2021 18:14,1,0
haleakalaR,11/12/2021 18:15,1,1
haleakalaR,11/12/2021 18:29,1,1
haleakalaR,11/12/2021 18:44,1,1
haleakalaR,11/12/2021 18:45,1,1
haleakalaR,11/12/2021 18:59,1,1
haleakalaR,11/12/2021 19:00,1,1
haleakalaR,11/12/2021 19:14,1,1
haleakalaR,11/12/2021 19:29,1,1
haleakalaR,11/12/2021 19:30,1,0
haleakalaR,11/12/2021 19:44,1,0
haleakalaR,11/12/2021 19:45,1,0
haleakalaR,11/12/2021 19:59,1,0
haleakalaR,11/13/2021 4:59,1,0
haleakalaR,11/13/2021 5:14,1,0
haleakalaR,11/13/2021 5:15,1,0
haleakalaR,11/13/2021 5:29,1,0
haleakalaR,11/13/2021 5:30,1,0
haleakalaR,11/13/2021 5:44,1,0
haleakalaR,11/13/2021 5:59,1,0
haleakalaR,11/13/2021 18:14,1,0
haleakalaR,11/13/2021 18:15,1,1
haleakalaR,11/13/2021 18:30,1,1
haleakalaR,11/13/2021 18:44,1,1
haleakalaR,11/13/2021 18:45,1,1
haleakalaR,11/13/2021 18:59,1,1
haleakalaR,11/13/2021 19:00,1,1
haleakalaR,11/13/2021 19:14,1,1
haleakalaR,11/13/2021 19:15,1,1
haleakalaR,11/13/2021 19:29,1,1
haleakalaR,11/13/2021 19:30,1,1
haleakalaR,11/13/2021 19:44,1,0
haleakalaR,11/13/2021 19:45,1,0
haleakalaR,11/13/2021 19:59,1,0
haleakalaR,11/14/2021 4:59,1,0
haleakalaR,11/14/2021 5:14,1,0
haleakalaR,11/14/2021 5:29,1,1
haleakalaR,11/14/2021 5:44,1,1
haleakalaR,11/14/2021 6:00,1,1
haleakalaR,11/14/2021 6:15,1,1
haleakalaR,11/14/2021 6:29,1,1
haleakalaR,11/14/2021 6:30,1,1
haleakalaR,11/14/2021 17:59,1,1
haleakalaR,11/14/2021 18:14,1,1
haleakalaR,11/14/2021 18:15,1,1
haleakalaR,11/14/2021 18:29,1,1
haleakalaR,11/14/2021 18:30,1,1
haleakalaR,11/14/2021 18:44,1,1
haleakalaR,11/14/2021 18:45,1,1
haleakalaR,11/14/2021 18:59,1,1
haleakalaR,11/14/2021 19:00,1,1
haleakalaR,11/14/2021 19:14,1,1
haleakalaR,11/14/2021 19:29,1,1
haleakalaR,11/14/2021 19:44,1,1
haleakalaR,11/14/2021 19:45,1,1
haleakalaR,11/14/2021 19:59,1,1
haleakalaR,11/15/2021 4:59,1,1
haleakalaR,11/15/2021 5:00,1,1
haleakalaR,11/15/2021 5:14,1,1
haleakalaR,11/15/2021 5:29,1,1
haleakalaR,11/15/2021 5:30,1,1
haleakalaR,11/15/2021 5:44,1,1
haleakalaR,11/15/2021 5:59,1,0
haleakalaR,11/15/2021 6:00,1,0
haleakalaR,11/15/2021 6:14,1,0
haleakalaR,11/15/2021 6:15,1,0
haleakalaR,11/15/2021 6:29,1,0
haleakalaR,11/15/2021 6:30,1,1
haleakalaR,11/15/2021 18:15,1,1
haleakalaR,11/15/2021 18:29,1,1
haleakalaR,11/15/2021 18:30,1,1
haleakalaR,11/15/2021 18:44,1,1
haleakalaR,11/15/2021 18:45,1,1
haleakalaR,11/15/2021 18:59,1,1
haleakalaR,11/15/2021 19:00,1,1
haleakalaR,11/15/2021 19:14,1,0
haleakalaR,11/15/2021 19:15,1,0
haleakalaR,11/15/2021 19:29,1,0
haleakalaR,11/15/2021 19:44,1,0
haleakalaR,11/15/2021 19:45,1,0
haleakalaR,11/15/2021 19:59,1,0
haleakalaR,11/16/2021 4:59,1,0
haleakalaR,11/16/2021 5:14,1,0
haleakalaR,11/16/2021 5:29,1,0
haleakalaR,11/16/2021 5:30,1,0
haleakalaR,11/16/2021 5:44,1,0
haleakalaR,11/16/2021 5:45,1,0
haleakalaR,11/16/2021 5:59,1,1
haleakalaR,11/16/2021 6:00,1,1
haleakalaR,11/16/2021 6:14,1,1
haleakalaR,11/16/2021 6:15,1,1
haleakalaR,11/16/2021 18:15,1,1
haleakalaR,11/16/2021 18:29,1,1
haleakalaR,11/16/2021 18:44,1,1
haleakalaR,11/16/2021 18:45,1,1
haleakalaR,11/16/2021 18:59,1,1
haleakalaR,11/16/2021 19:00,1,1
haleakalaR,11/16/2021 19:14,1,0
haleakalaR,11/16/2021 19:15,1,0
haleakalaR,11/16/2021 19:29,1,0
haleakalaR,11/16/2021 19:44,1,0
haleakalaR,11/16/2021 19:45,1,0
haleakalaR,11/16/2021 19:59,1,1
haleakalaR,11/17/2021 4:59,1,1
haleakalaR,11/17/2021 5:14,1,1
haleakalaR,11/17/2021 5:15,1,1
haleakalaR,11/17/2021 5:29,1,1
haleakalaR,11/17/2021 5:30,1,1
haleakalaR,11/17/2021 5:44,1,1
haleakalaR,11/17/2021 5:45,1,1
haleakalaR,11/17/2021 5:59,1,1
haleakalaR,11/17/2021 6:00,1,1
haleakalaR,11/17/2021 6:15,1,1
haleakalaR,11/17/2021 18:15,1,1
haleakalaR,11/17/2021 18:30,1,1
haleakalaR,11/17/2021 18:45,1,1
haleakalaR,11/17/2021 18:59,1,1
haleakalaR,11/17/2021 19:00,1,1
haleakalaR,11/17/2021 19:14,1,1
haleakalaR,11/17/2021 19:29,1,1
haleakalaR,11/17/2021 19:30,1,1
haleakalaR,11/17/2021 19:44,1,1
haleakalaR,11/17/2021 19:45,1,1
haleakalaR,11/17/2021 19:59,1,1
haleakalaR,11/18/2021 4:59,1,1
haleakalaR,11/18/2021 5:14,1,1
haleakalaR,11/18/2021 5:29,1,1
haleakalaR,11/18/2021 5:44,1,1
haleakalaR,11/18/2021 5:45,1,0
haleakalaR,11/18/2021 5:59,1,0
haleakalaR,11/18/2021 6:00,1,0
haleakalaR,11/18/2021 6:14,1,0
haleakalaR,11/18/2021 18:15,1,0
haleakalaR,11/18/2021 18:29,1,1
haleakalaR,11/18/2021 18:30,1,1
haleakalaR,11/18/2021 18:44,1,1
haleakalaR,11/18/2021 19:00,1,1
haleakalaR,11/18/2021 19:15,1,1
haleakalaR,11/18/2021 19:30,1,1
haleakalaR,11/18/2021 19:44,1,1
haleakalaR,11/18/2021 19:59,1,1
haleakalaR,11/19/2021 4:59,1,0
haleakalaR,11/19/2021 5:00,1,0
haleakalaR,11/19/2021 5:14,1,0
haleakalaR,11/19/2021 5:15,1,0
haleakalaR,11/19/2021 5:29,1,0
haleakalaR,11/19/2021 5:44,1,0
haleakalaR,11/19/2021 5:45,1,0
haleakalaR,11/19/2021 5:59,1,0
haleakalaR,11/19/2021 6:00,1,0
haleakalaR,11/19/2021 6:15,1,0
haleakalaR,11/19/2021 18:15,1,0
haleakalaR,11/19/2021 18:29,1,0
haleakalaR,11/19/2021 18:44,1,1
haleakalaR,11/19/2021 18:45,1,1
haleakalaR,11/19/2021 18:59,1,1
haleakalaR,11/19/2021 19:00,1,1
haleakalaR,11/19/2021 19:14,1,1
haleakalaR,11/19/2021 19:29,1,1
haleakalaR,11/19/2021 19:30,1,1
haleakalaR,11/19/2021 19:44,1,1
haleakalaR,11/19/2021 19:45,1,1
haleakalaR,11/19/2021 19:59,1,1
haleakalaR,11/20/2021 4:59,1,0
haleakalaR,11/20/2021 5:00,1,0
haleakalaR,11/20/2021 5:14,1,0
haleakalaR,11/20/2021 5:15,1,0
haleakalaR,11/20/2021 5:29,1,0
haleakalaR,11/20/2021 5:30,1,1
haleakalaR,11/20/2021 5:44,1,1
haleakalaR,11/20/2021 5:45,1,1
haleakalaR,11/20/2021 5:59,1,1
haleakalaR,11/20/2021 6:15,1,1
haleakalaR,11/20/2021 18:14,1,1
haleakalaR,11/20/2021 18:15,1,1
haleakalaR,11/20/2021 18:29,1,1
haleakalaR,11/20/2021 18:30,1,1
haleakalaR,11/20/2021 18:44,1,1
haleakalaR,11/20/2021 18:45,1,1
haleakalaR,11/20/2021 18:59,1,1
haleakalaR,11/20/2021 19:00,1,1
haleakalaR,11/20/2021 19:14,1,1
haleakalaR,11/20/2021 19:29,1,1
haleakalaR,11/20/2021 19:30,1,1
haleakalaR,11/20/2021 19:44,1,1
haleakalaR,11/20/2021 19:45,1,1
haleakalaR,11/20/2021 19:59,1,1
haleakalaR,11/21/2021 4:59,1,1
haleakalaR,11/21/2021 5:00,1,1
haleakalaR,11/21/2021 5:14,1,1
haleakalaR,11/21/2021 5:15,1,1
haleakalaR,11/21/2021 5:29,1,1
haleakalaR,11/21/2021 5:30,1,1
haleakalaR,11/21/2021 5:44,1,1
haleakalaR,11/21/2021 5:45,1,0
haleakalaR,11/21/2021 5:59,1,0
haleakalaR,11/21/2021 6:00,1,0
haleakalaR,11/21/2021 6:14,1,0
haleakalaR,11/21/2021 18:15,1,0
haleakalaR,11/21/2021 18:29,1,1
haleakalaR,11/21/2021 18:45,1,1
haleakalaR,11/21/2021 18:59,1,1
haleakalaR,11/21/2021 19:14,1,1
haleakalaR,11/21/2021 19:15,1,1
haleakalaR,11/21/2021 19:29,1,1
haleakalaR,11/21/2021 19:44,1,1
haleakalaR,11/21/2021 19:45,1,1
haleakalaR,11/21/2021 19:59,1,0
haleakalaR,11/22/2021 4:59,1,0
haleakalaR,11/22/2021 5:14,1,0
haleakalaR,11/22/2021 5:15,1,0
haleakalaR,11/22/2021 5:29,1,0
haleakalaR,11/22/2021 5:44,1,0
haleakalaR,11/22/2021 5:45,1,0
haleakalaR,11/22/2021 5:59,1,0
haleakalaR,11/22/2021 6:14,1,0
haleakalaR,11/22/2021 6:15,1,0
haleakalaR,11/22/2021 18:15,1,0
haleakalaR,11/22/2021 18:29,1,0
haleakalaR,11/22/2021 18:44,1,1
haleakalaR,11/22/2021 18:59,1,1
haleakalaR,11/22/2021 19:00,1,1
haleakalaR,11/22/2021 19:14,1,1
haleakalaR,11/22/2021 19:15,1,1
haleakalaR,11/22/2021 19:29,1,1
haleakalaR,11/22/2021 19:44,1,1
haleakalaR,11/22/2021 19:45,1,1
haleakalaR,11/22/2021 19:59,1,1
haleakalaR,11/23/2021 4:59,1,1
haleakalaR,11/23/2021 5:14,1,0
haleakalaR,11/23/2021 5:15,1,0
haleakalaR,11/23/2021 5:29,1,0
haleakalaR,11/23/2021 5:44,1,0
haleakalaR,11/23/2021 5:59,1,0
haleakalaR,11/23/2021 6:14,1,1
haleakalaR,11/23/2021 6:15,1,1
haleakalaR,11/23/2021 18:14,1,1
haleakalaR,11/23/2021 18:29,1,1
haleakalaR,11/23/2021 18:44,1,1
haleakalaR,11/23/2021 18:45,1,1
haleakalaR,11/23/2021 18:59,1,1
haleakalaR,11/23/2021 19:00,1,1
haleakalaR,11/23/2021 19:14,1,1
haleakalaR,11/23/2021 19:29,1,1
haleakalaR,11/23/2021 19:44,1,1
haleakalaR,11/23/2021 19:59,1,1
haleakalaR,11/24/2021 4:59,1,1
haleakalaR,11/24/2021 5:00,1,1
haleakalaR,11/24/2021 5:14,1,1
haleakalaR,11/24/2021 5:15,1,1
haleakalaR,11/24/2021 5:29,1,1
haleakalaR,11/24/2021 5:30,1,1
haleakalaR,11/24/2021 5:44,1,1
haleakalaR,11/24/2021 5:59,1,1
haleakalaR,11/24/2021 6:14,1,1
haleakalaR,11/24/2021 18:15,1,1
haleakalaR,11/24/2021 18:29,1,1
haleakalaR,11/24/2021 18:30,1,1
haleakalaR,11/24/2021 18:44,1,1
haleakalaR,11/24/2021 18:45,1,1
haleakalaR,11/24/2021 18:59,1,0
haleakalaR,11/24/2021 19:00,1,0
haleakalaR,11/24/2021 19:14,1,0
haleakalaR,11/24/2021 19:29,1,0
haleakalaR,11/24/2021 19:30,1,0
haleakalaR,11/24/2021 19:44,1,1
haleakalaR,11/24/2021 19:45,1,1
haleakalaR,11/24/2021 19:59,1,1
haleakalaR,11/25/2021 4:59,1,1
haleakalaR,11/25/2021 5:14,1,1
haleakalaR,11/25/2021 5:29,1,1
haleakalaR,11/25/2021 5:44,1,1
haleakalaR,11/25/2021 5:59,1,1
haleakalaR,11/25/2021 6:14,1,0
haleakalaR,11/25/2021 18:14,1,0
haleakalaR,11/25/2021 18:15,1,0
haleakalaR,11/25/2021 18:29,1,0
haleakalaR,11/25/2021 18:30,1,0
haleakalaR,11/25/2021 18:44,1,0
haleakalaR,11/25/2021 18:45,1,0
haleakalaR,11/25/2021 18:59,1,0
haleakalaR,11/25/2021 19:14,1,0
haleakalaR,11/25/2021 19:30,1,0
haleakalaR,11/25/2021 19:44,1,0
haleakalaR,11/25/2021 19:59,1,0
haleakalaR,11/26/2021 4:59,1,1
haleakalaR,11/26/2021 5:14,1,1
haleakalaR,11/26/2021 5:29,1,1
haleakalaR,11/26/2021 5:30,1,1
haleakalaR,11/26/2021 5:44,1,1
haleakalaR,11/26/2021 5:59,1,1
haleakalaR,11/26/2021 6:00,1,1
haleakalaR,11/26/2021 6:14,1,1
haleakalaR,11/26/2021 6:15,1,1
haleakalaR,11/26/2021 18:15,1,1
haleakalaR,11/26/2021 18:29,1,1
haleakalaR,11/26/2021 18:44,1,1
haleakalaR,11/26/2021 18:45,1,1
haleakalaR,11/26/2021 18:59,1,1
haleakalaR,11/26/2021 19:00,1,1
haleakalaR,11/26/2021 19:14,1,1
haleakalaR,11/26/2021 19:15,1,1
haleakalaR,11/26/2021 19:29,1,1
haleakalaR,11/26/2021 19:30,1,1
haleakalaR,11/26/2021 19:44,1,1
haleakalaR,11/26/2021 19:45,1,1
haleakalaR,11/26/2021 19:59,1,1
haleakalaR,11/27/2021 4:59,1,1
haleakalaR,11/27/2021 5:00,1,1
haleakalaR,11/27/2021 5:14,1,1
haleakalaR,11/27/2021 5:15,1,1
haleakalaR,11/27/2021 5:29,1,0
haleakalaR,11/27/2021 5:44,1,0
haleakalaR,11/27/2021 5:59,1,0
haleakalaR,11/27/2021 6:14,1,0
haleakalaR,11/27/2021 18:14,1,0
haleakalaR,11/27/2021 18:29,1,1
haleakalaR,11/27/2021 18:30,1,1
haleakalaR,11/27/2021 18:44,1,1
haleakalaR,11/27/2021 18:45,1,1
haleakalaR,11/27/2021 18:59,1,1
haleakalaR,11/27/2021 19:00,1,1
haleakalaR,11/27/2021 19:14,1,1
haleakalaR,11/27/2021 19:15,1,1
haleakalaR,11/27/2021 19:29,1,1
haleakalaR,11/27/2021 19:44,1,1
haleakalaR,11/27/2021 19:45,1,1
haleakalaR,11/27/2021 19:59,1,1
haleakalaR,11/28/2021 4:59,1,1
haleakalaR,11/28/2021 5:14,1,1
haleakalaR,11/28/2021 5:29,1,1
haleakalaR,11/28/2021 5:30,1,1
haleakalaR,11/28/2021 5:44,1,1
haleakalaR,11/28/2021 5:45,1,1
haleakalaR,11/28/2021 5:59,1,1
haleakalaR,11/28/2021 6:00,1,1
haleakalaR,11/28/2021 6:14,1,1
haleakalaR,11/28/2021 18:14,1,1
haleakalaR,11/28/2021 18:29,1,1
haleakalaR,11/28/2021 18:30,1,1
haleakalaR,11/28/2021 18:44,1,1
haleakalaR,11/28/2021 19:00,1,1
haleakalaR,11/28/2021 19:14,1,0
haleakalaR,11/28/2021 19:29,1,0
haleakalaR,11/28/2021 19:45,1,0
haleakalaR,11/28/2021 19:59,1,0
haleakalaR,11/29/2021 4:59,1,0
haleakalaR,11/29/2021 5:00,1,1
haleakalaR,11/29/2021 5:14,1,1
haleakalaR,11/29/2021 5:15,1,1
haleakalaR,11/29/2021 5:29,1,1
haleakalaR,11/29/2021 5:30,1,1
haleakalaR,11/29/2021 5:44,1,1
haleakalaR,11/29/2021 5:45,1,1
haleakalaR,11/29/2021 5:59,1,1
haleakalaR,11/29/2021 6:00,1,0
haleakalaR,11/29/2021 6:14,1,0
haleakalaR,11/29/2021 6:15,1,0
haleakalaR,11/29/2021 6:29,1,0
haleakalaR,11/29/2021 18:14,1,0
haleakalaR,11/29/2021 18:15,1,0
haleakalaR,11/29/2021 18:29,1,0
haleakalaR,11/29/2021 18:30,1,0
haleakalaR,11/29/2021 18:45,1,0
haleakalaR,11/29/2021 18:59,1,0
haleakalaR,11/29/2021 19:14,1,0
haleakalaR,11/29/2021 19:29,1,0
haleakalaR,11/29/2021 19:30,1,1
haleakalaR,11/29/2021 19:44,1,1
haleakalaR,11/29/2021 19:59,1,1
haleakalaR,11/30/2021 4:59,1,1
haleakalaR,11/30/2021 5:00,1,1
haleakalaR,11/30/2021 5:14,1,1
haleakalaR,11/30/2021 5:29,1,1
haleakalaR,11/30/2021 5:30,1,1
haleakalaR,11/30/2021 5:44,1,1
haleakalaR,11/30/2021 5:59,1,1
haleakalaR,11/30/2021 6:14,1,0
haleakalaR,11/30/2021 6:15,1,0
haleakalaR,11/30/2021 6:30,1,0
haleakalaR,11/30/2021 18:14,1,0
haleakalaR,11/30/2021 18:29,1,0
haleakalaR,11/30/2021 18:44,1,1
haleakalaR,11/30/2021 18:59,1,1
haleakalaR,11/30/2021 19:14,1,1
haleakalaR,11/30/2021 19:15,1,1
haleakalaR,11/30/2021 19:29,1,1
haleakalaR,11/30/2021 19:30,1,1
haleakalaR,11/30/2021 19:44,1,1
haleakalaR,11/30/2021 19:45,1,1
haleakalaR,11/30/2021 19:59,1,1
haleakalaR,12/1/2021 4:59,1,1
haleakalaR,12/1/2021 5:00,1,1
haleakalaR,12/1/2021 5:14,1,1
haleakalaR,12/1/2021 5:29,1,1
haleakalaR,12/1/2021 5:44,1,1
haleakalaR,12/1/2021 5:45,1,1
haleakalaR,12/1/2021 5:59,1,1
haleakalaR,12/1/2021 6:00,1,1
haleakalaR,12/1/2021 6:14,1,1
haleakalaR,12/1/2021 6:15,1,1
haleakalaR,12/1/2021 6:29,1,1
haleakalaR,12/1/2021 18:14,1,1
haleakalaR,12/1/2021 18:30,1,1
haleakalaR,12/1/2021 18:44,1,1
haleakalaR,12/1/2021 18:45,1,1
haleakalaR,12/1/2021 18:59,1,1
haleakalaR,12/1/2021 19:00,1,1
haleakalaR,12/1/2021 19:14,1,0
haleakalaR,12/1/2021 19:29,1,0
haleakalaR,12/1/2021 19:44,1,0
haleakalaR,12/1/2021 19:59,1,0
haleakalaR,12/2/2021 4:59,1,0
haleakalaR,12/2/2021 5:00,1,1
haleakalaR,12/2/2021 5:14,1,1
haleakalaR,12/2/2021 5:29,1,1
haleakalaR,12/2/2021 5:44,1,1
haleakalaR,12/2/2021 5:45,1,1
haleakalaR,12/2/2021 5:59,1,1
haleakalaR,12/2/2021 6:14,1,1
haleakalaR,12/2/2021 18:15,1,1
haleakalaR,12/2/2021 18:30,1,0
haleakalaR,12/2/2021 18:45,1,0
haleakalaR,12/2/2021 18:59,1,0
haleakalaR,12/2/2021 19:14,1,0
haleakalaR,12/2/2021 19:15,1,0
haleakalaR,12/2/2021 19:29,1,0
haleakalaR,12/2/2021 19:30,1,0
haleakalaR,12/2/2021 19:44,1,0
haleakalaR,12/2/2021 19:45,1,0
haleakalaR,12/2/2021 19:59,1,0
haleakalaR,12/3/2021 4:59,1,0
haleakalaR,12/3/2021 5:14,1,0
haleakalaR,12/3/2021 5:15,1,1
haleakalaR,12/3/2021 5:29,1,1
haleakalaR,12/3/2021 5:30,1,1
haleakalaR,12/3/2021 5:45,1,1
haleakalaR,12/3/2021 5:59,1,1
haleakalaR,12/3/2021 6:14,1,1
haleakalaR,12/3/2021 6:30,1,1
haleakalaR,12/3/2021 18:14,1,1
haleakalaR,12/3/2021 18:29,1,1
haleakalaR,12/3/2021 18:44,1,1
haleakalaR,12/3/2021 18:45,1,0
haleakalaR,12/3/2021 18:59,1,0
haleakalaR,12/3/2021 19:15,1,0
haleakalaR,12/3/2021 19:29,1,0
haleakalaR,12/3/2021 19:44,1,0
haleakalaR,12/3/2021 19:45,1,1
haleakalaR,12/3/2021 19:59,1,1
haleakalaR,12/4/2021 4:59,1,1
haleakalaR,12/4/2021 5:14,1,1
haleakalaR,12/4/2021 5:29,1,1
haleakalaR,12/4/2021 5:45,1,1
haleakalaR,12/4/2021 5:59,1,1
haleakalaR,12/4/2021 6:15,1,1
haleakalaR,12/4/2021 6:30,1,1
haleakalaR,12/4/2021 6:44,1,1
haleakalaR,12/4/2021 18:00,1,1
haleakalaR,12/4/2021 18:14,1,1
haleakalaR,12/4/2021 18:29,1,1
haleakalaR,12/4/2021 18:44,1,1
haleakalaR,12/4/2021 18:59,1,1
haleakalaR,12/4/2021 19:14,1,1
haleakalaR,12/4/2021 19:29,1,1
haleakalaR,12/4/2021 19:44,1,1
haleakalaR,12/4/2021 19:59,1,1
haleakalaR,12/5/2021 4:59,1,1
haleakalaR,12/5/2021 5:14,1,1
haleakalaR,12/5/2021 5:15,1,1
haleakalaR,12/5/2021 5:29,1,1
haleakalaR,12/5/2021 5:44,1,1
haleakalaR,12/5/2021 5:59,1,1
haleakalaR,12/5/2021 6:15,1,1
haleakalaR,12/5/2021 6:30,1,0
haleakalaR,12/5/2021 6:45,1,0
haleakalaR,12/5/2021 16:59,1,0
haleakalaR,12/5/2021 17:14,1,0
haleakalaR,12/5/2021 17:29,1,0
haleakalaR,12/5/2021 17:44,1,1
haleakalaR,12/5/2021 17:59,1,1
haleakalaR,12/5/2021 18:14,1,1
haleakalaR,12/5/2021 18:15,1,1
haleakalaR,12/5/2021 18:29,1,1
haleakalaR,12/5/2021 18:44,1,1
haleakalaR,12/5/2021 19:00,1,1
haleakalaR,12/5/2021 19:15,1,1
haleakalaR,12/5/2021 19:29,1,0
haleakalaR,12/5/2021 19:44,1,0
haleakalaR,12/5/2021 20:00,1,0
haleakalaR,12/6/2021 4:59,1,0
haleakalaR,12/6/2021 5:00,1,0
haleakalaR,12/6/2021 5:15,1,0
haleakalaR,12/6/2021 5:29,1,0
haleakalaR,12/6/2021 5:44,1,0
haleakalaR,12/6/2021 6:00,1,0
haleakalaR,12/6/2021 6:15,1,0
haleakalaR,12/6/2021 6:30,1,0
haleakalaR,12/6/2021 6:44,1,0
haleakalaR,12/6/2021 7:00,1,1
haleakalaR,12/6/2021 18:00,1,1
haleakalaR,12/6/2021 18:15,1,1
haleakalaR,12/6/2021 18:29,1,1
haleakalaR,12/6/2021 18:44,1,1
haleakalaR,12/6/2021 19:00,1,1
haleakalaR,12/6/2021 19:14,1,1
haleakalaR,12/6/2021 19:29,1,1
haleakalaR,12/6/2021 19:44,1,1
haleakalaR,12/6/2021 19:59,1,1
haleakalaR,12/7/2021 5:00,1,0
haleakalaR,12/7/2021 5:15,1,0
haleakalaR,12/7/2021 5:29,1,0
haleakalaR,12/7/2021 5:44,1,0
haleakalaR,12/7/2021 5:59,1,0
haleakalaR,12/7/2021 6:00,1,1
haleakalaR,12/7/2021 6:14,1,1
haleakalaR,12/7/2021 6:29,1,1
haleakalaR,12/7/2021 18:14,1,1
haleakalaR,12/7/2021 18:15,1,1
haleakalaR,12/7/2021 18:30,1,1
haleakalaR,12/7/2021 18:44,1,1
haleakalaR,12/7/2021 19:00,1,1
haleakalaR,12/7/2021 19:15,1,1
haleakalaR,12/7/2021 19:29,1,1
haleakalaR,12/7/2021 19:44,1,1
haleakalaR,12/7/2021 19:59,1,1
haleakalaR,12/7/2021 20:52,1,1
haleakalaR,12/7/2021 21:10,1,1
haleakalaR,12/7/2021 21:29,1,1
haleakalaR,12/7/2021 22:06,1,1
haleakalaR,12/7/2021 22:41,1,1
haleakalaR,12/8/2021 0:06,1,1
haleakalaR,12/8/2021 0:22,1,1
haleakalaR,12/8/2021 1:10,1,1
haleakalaR,12/8/2021 1:41,1,1
haleakalaR,12/8/2021 2:09,1,1
haleakalaR,12/8/2021 2:28,1,1
haleakalaR,12/8/2021 2:57,1,1
haleakalaR,12/8/2021 3:15,1,1
haleakalaR,12/8/2021 4:47,1,1
haleakalaR,12/8/2021 5:14,1,0
haleakalaR,12/8/2021 5:29,1,0
haleakalaR,12/8/2021 5:44,1,0
haleakalaR,12/8/2021 5:59,1,0
haleakalaR,12/8/2021 6:15,1,0
haleakalaR,12/8/2021 6:29,1,1
haleakalaR,12/8/2021 18:14,1,1
haleakalaR,12/8/2021 18:15,1,1
haleakalaR,12/8/2021 18:29,1,1
haleakalaR,12/8/2021 18:45,1,1
haleakalaR,12/8/2021 18:59,1,1
haleakalaR,12/8/2021 19:14,1,1
haleakalaR,12/8/2021 19:30,1,1
haleakalaR,12/8/2021 19:44,1,0
haleakalaR,12/8/2021 19:59,1,0
haleakalaR,12/8/2021 21:32,1,0
haleakalaR,12/8/2021 22:45,1,0
haleakalaR,12/8/2021 23:19,1,0
haleakalaR,12/9/2021 0:12,1,0
haleakalaR,12/9/2021 0:29,1,0
haleakalaR,12/9/2021 0:44,1,0
haleakalaR,12/9/2021 0:59,1,0
haleakalaR,12/9/2021 4:59,1,0
haleakalaR,12/9/2021 5:14,1,0
haleakalaR,12/9/2021 5:29,1,0
haleakalaR,12/9/2021 5:44,1,1
haleakalaR,12/9/2021 5:59,1,1
haleakalaR,12/9/2021 6:14,1,1
haleakalaR,12/9/2021 6:28,1,1
haleakalaR,12/9/2021 18:14,1,1
haleakalaR,12/9/2021 18:29,1,1
haleakalaR,12/9/2021 18:44,1,1
haleakalaR,12/9/2021 18:59,1,1
haleakalaR,12/9/2021 19:15,1,1
haleakalaR,12/9/2021 19:30,1,1
haleakalaR,12/9/2021 19:44,1,0
haleakalaR,12/9/2021 19:59,1,0
haleakalaR,12/9/2021 20:48,1,0
haleakalaR,12/9/2021 22:18,1,0
haleakalaR,12/10/2021 0:24,1,0
haleakalaR,12/10/2021 1:45,1,1
haleakalaR,12/10/2021 3:17,1,1
haleakalaR,12/10/2021 3:33,1,1
haleakalaR,12/10/2021 3:50,1,1
haleakalaR,12/10/2021 4:06,1,1
haleakalaR,12/10/2021 4:21,1,1
haleakalaR,12/10/2021 4:37,1,1
haleakalaR,12/10/2021 4:59,1,1
haleakalaR,12/10/2021 5:14,1,1
haleakalaR,12/10/2021 5:15,1,1
haleakalaR,12/10/2021 5:30,1,1
haleakalaR,12/10/2021 5:43,1,1
haleakalaR,12/10/2021 5:59,1,1
haleakalaR,12/10/2021 6:00,1,1
haleakalaR,12/10/2021 6:15,1,1
haleakalaR,12/10/2021 6:28,1,1
haleakalaR,12/10/2021 18:15,1,1
haleakalaR,12/10/2021 18:30,1,1
haleakalaR,12/10/2021 18:44,1,1
haleakalaR,12/10/2021 18:59,1,1
haleakalaR,12/10/2021 19:14,1,1
haleakalaR,12/10/2021 19:30,1,1
haleakalaR,12/10/2021 19:44,1,1
haleakalaR,12/10/2021 19:59,1,1
haleakalaR,12/11/2021 2:23,1,1
haleakalaR,12/11/2021 4:44,1,1
haleakalaR,12/11/2021 4:59,1,0
haleakalaR,12/11/2021 5:14,1,0
haleakalaR,12/11/2021 5:29,1,0
haleakalaR,12/11/2021 5:44,1,0
haleakalaR,12/11/2021 5:59,1,0
haleakalaR,12/11/2021 6:14,1,1
haleakalaR,12/11/2021 6:30,1,1
haleakalaR,12/11/2021 18:14,1,1
haleakalaR,12/11/2021 18:30,1,1
haleakalaR,12/11/2021 18:44,1,1
haleakalaR,12/11/2021 18:59,1,1
haleakalaR,12/11/2021 19:14,1,1
haleakalaR,12/11/2021 19:29,1,1
haleakalaR,12/11/2021 19:44,1,0
haleakalaR,12/11/2021 19:59,1,0
haleakalaR,12/11/2021 20:22,1,0
haleakalaR,12/12/2021 4:59,1,0
haleakalaR,12/12/2021 5:14,1,0
haleakalaR,12/12/2021 5:29,1,0
haleakalaR,12/12/2021 5:44,1,0
haleakalaR,12/12/2021 5:59,1,0
haleakalaR,12/12/2021 6:14,1,0
haleakalaR,12/12/2021 6:29,1,0
haleakalaR,12/12/2021 18:14,1,0
haleakalaR,12/12/2021 18:30,1,0
haleakalaR,12/12/2021 18:44,1,1
haleakalaR,12/12/2021 18:59,1,1
haleakalaR,12/12/2021 19:14,1,1
haleakalaR,12/12/2021 19:29,1,1
haleakalaR,12/12/2021 19:44,1,1
haleakalaR,12/12/2021 20:00,1,1
haleakalaR,12/13/2021 3:46,1,1
haleakalaR,12/13/2021 4:59,1,1
haleakalaR,12/13/2021 5:14,1,1
haleakalaR,12/13/2021 5:29,1,1
haleakalaR,12/13/2021 5:44,1,1
haleakalaR,12/13/2021 5:59,1,1
haleakalaR,12/13/2021 6:14,1,1
haleakalaR,12/13/2021 6:30,1,1
haleakalaR,12/13/2021 18:15,1,1
haleakalaR,12/13/2021 18:29,1,1
haleakalaR,12/13/2021 18:45,1,1
haleakalaR,12/13/2021 18:59,1,1
haleakalaR,12/13/2021 19:15,1,1
haleakalaR,12/13/2021 19:30,1,1
haleakalaR,12/13/2021 19:44,1,1
haleakalaR,12/13/2021 19:59,1,1
haleakalaR,12/14/2021 4:59,1,1
haleakalaR,12/14/2021 5:14,1,1
haleakalaR,12/14/2021 5:30,1,1
haleakalaR,12/14/2021 5:44,1,1
haleakalaR,12/14/2021 5:59,1,0
haleakalaR,12/14/2021 6:14,1,0
haleakalaR,12/14/2021 6:29,1,0
haleakalaR,12/14/2021 18:14,1,0
haleakalaR,12/14/2021 18:30,1,0
haleakalaR,12/14/2021 18:44,1,1
haleakalaR,12/14/2021 18:59,1,1
haleakalaR,12/14/2021 19:14,1,1
haleakalaR,12/14/2021 19:29,1,1
haleakalaR,12/14/2021 19:44,1,1
haleakalaR,12/14/2021 19:59,1,1
haleakalaR,12/14/2021 23:32,1,1
haleakalaR,12/15/2021 1:18,1,1
haleakalaR,12/15/2021 2:20,1,1
haleakalaR,12/15/2021 2:45,1,1
haleakalaR,12/15/2021 3:11,1,1
haleakalaR,12/15/2021 4:59,1,1
haleakalaR,12/15/2021 5:15,1,1
haleakalaR,12/15/2021 5:30,1,1
haleakalaR,12/15/2021 5:44,1,1
haleakalaR,12/15/2021 5:45,1,1
haleakalaR,12/15/2021 5:51,1,1
haleakalaR,12/15/2021 6:15,1,1
haleakalaR,12/15/2021 6:29,1,1
haleakalaR,12/15/2021 18:29,1,1
haleakalaR,12/15/2021 18:44,1,1
haleakalaR,12/15/2021 18:59,1,1
haleakalaR,12/15/2021 19:14,1,1
haleakalaR,12/15/2021 19:29,1,1
haleakalaR,12/15/2021 19:44,1,1
haleakalaR,12/15/2021 19:59,1,1
haleakalaR,12/16/2021 4:59,1,0
haleakalaR,12/16/2021 5:15,1,0
haleakalaR,12/16/2021 5:29,1,0
haleakalaR,12/16/2021 5:30,1,0
haleakalaR,12/16/2021 5:44,1,0
haleakalaR,12/16/2021 5:59,1,1
haleakalaR,12/16/2021 6:14,1,1
haleakalaR,12/16/2021 6:29,1,1
haleakalaR,12/16/2021 18:15,1,1
haleakalaR,12/16/2021 18:29,1,1
haleakalaR,12/16/2021 18:44,1,1
haleakalaR,12/16/2021 18:59,1,1
haleakalaR,12/16/2021 19:15,1,1
haleakalaR,12/16/2021 19:29,1,0
haleakalaR,12/16/2021 19:45,1,0
haleakalaR,12/16/2021 19:59,1,0
haleakalaR,12/17/2021 5:00,1,0
haleakalaR,12/17/2021 5:15,1,0
haleakalaR,12/17/2021 5:29,1,0
haleakalaR,12/17/2021 5:44,1,0
haleakalaR,12/17/2021 6:00,1,0
haleakalaR,12/17/2021 6:14,1,0
haleakalaR,12/17/2021 6:29,1,0
haleakalaR,12/17/2021 18:14,1,0
haleakalaR,12/17/2021 18:29,1,0
haleakalaR,12/17/2021 18:45,1,1
haleakalaR,12/17/2021 18:59,1,1
haleakalaR,12/17/2021 19:14,1,1
haleakalaR,12/17/2021 19:29,1,1
haleakalaR,12/17/2021 19:44,1,1
haleakalaR,12/17/2021 19:59,1,1
haleakalaR,12/18/2021 5:00,1,1
haleakalaR,12/18/2021 5:14,1,1
haleakalaR,12/18/2021 5:29,1,1
haleakalaR,12/18/2021 5:44,1,1
haleakalaR,12/18/2021 5:59,1,0
haleakalaR,12/18/2021 6:14,1,0
haleakalaR,12/18/2021 6:29,1,0
haleakalaR,12/18/2021 18:29,1,0
haleakalaR,12/18/2021 18:44,1,0
haleakalaR,12/18/2021 18:59,1,1
haleakalaR,12/18/2021 19:14,1,1
haleakalaR,12/18/2021 19:30,1,1
haleakalaR,12/18/2021 19:44,1,1
haleakalaR,12/18/2021 20:00,1,1
haleakalaR,12/19/2021 4:59,1,1
haleakalaR,12/19/2021 5:14,1,1
haleakalaR,12/19/2021 5:29,1,1
haleakalaR,12/19/2021 5:44,1,1
haleakalaR,12/19/2021 5:59,1,1
haleakalaR,12/19/2021 6:14,1,1
haleakalaR,12/19/2021 6:29,1,1
haleakalaR,12/19/2021 18:15,1,1
haleakalaR,12/19/2021 18:30,1,1
haleakalaR,12/19/2021 18:44,1,1
haleakalaR,12/19/2021 19:00,1,1
haleakalaR,12/19/2021 19:14,1,1
haleakalaR,12/19/2021 19:30,1,1
haleakalaR,12/19/2021 19:45,1,1
haleakalaR,12/19/2021 20:00,1,1
haleakalaR,12/20/2021 4:59,1,1
haleakalaR,12/20/2021 5:14,1,1
haleakalaR,12/20/2021 5:29,1,1
haleakalaR,12/20/2021 5:45,1,1
haleakalaR,12/20/2021 5:59,1,1
haleakalaR,12/20/2021 6:14,1,1
haleakalaR,12/20/2021 6:30,1,0
haleakalaR,12/20/2021 6:44,1,0
haleakalaR,12/20/2021 18:14,1,0
haleakalaR,12/20/2021 18:29,1,0
haleakalaR,12/20/2021 18:44,1,0
haleakalaR,12/20/2021 18:59,1,1
haleakalaR,12/20/2021 19:14,1,1
haleakalaR,12/20/2021 19:29,1,1
haleakalaR,12/20/2021 19:44,1,1
haleakalaR,12/20/2021 19:59,1,1
haleakalaR,12/21/2021 4:59,1,1
haleakalaR,12/21/2021 5:14,1,1
haleakalaR,12/21/2021 5:29,1,1
haleakalaR,12/21/2021 5:45,1,0
haleakalaR,12/21/2021 5:59,1,0
haleakalaR,12/21/2021 6:14,1,0
haleakalaR,12/21/2021 6:29,1,0
haleakalaR,12/21/2021 6:45,1,0
haleakalaR,12/21/2021 18:15,1,0
haleakalaR,12/21/2021 18:30,1,0
haleakalaR,12/21/2021 18:44,1,0
haleakalaR,12/21/2021 18:59,1,0
haleakalaR,12/21/2021 19:14,1,0
haleakalaR,12/21/2021 19:29,1,0
haleakalaR,12/21/2021 19:44,1,0
haleakalaR,12/21/2021 19:59,1,1
haleakalaR,12/22/2021 4:59,1,1
haleakalaR,12/22/2021 5:14,1,1
haleakalaR,12/22/2021 5:29,1,1
haleakalaR,12/22/2021 5:44,1,1
haleakalaR,12/22/2021 5:59,1,1
haleakalaR,12/22/2021 6:14,1,1
haleakalaR,12/22/2021 6:29,1,1
haleakalaR,12/22/2021 6:44,1,1
haleakalaR,12/22/2021 6:59,1,1
haleakalaR,12/22/2021 18:14,1,0
haleakalaR,12/22/2021 18:30,1,0
haleakalaR,12/22/2021 18:44,1,0
haleakalaR,12/22/2021 18:59,1,0
haleakalaR,12/22/2021 19:14,1,0
haleakalaR,12/22/2021 19:29,1,1
haleakalaR,12/22/2021 19:44,1,1
haleakalaR,12/22/2021 20:00,1,1
haleakalaR,12/23/2021 4:59,1,1
haleakalaR,12/23/2021 5:14,1,1
haleakalaR,12/23/2021 5:29,1,1
haleakalaR,12/23/2021 5:44,1,1
haleakalaR,12/23/2021 5:59,1,1
haleakalaR,12/23/2021 6:14,1,1
haleakalaR,12/23/2021 6:29,1,1
haleakalaR,12/23/2021 18:14,1,1
haleakalaR,12/23/2021 18:30,1,1
haleakalaR,12/23/2021 18:44,1,1
haleakalaR,12/23/2021 18:59,1,1
haleakalaR,12/23/2021 19:14,1,1
haleakalaR,12/23/2021 19:29,1,1
haleakalaR,12/23/2021 19:44,1,1
haleakalaR,12/23/2021 19:59,1,1
haleakalaR,12/24/2021 4:59,1,1
haleakalaR,12/24/2021 5:14,1,1
haleakalaR,12/24/2021 5:29,1,1
haleakalaR,12/24/2021 5:44,1,1
haleakalaR,12/24/2021 5:59,1,1
haleakalaR,12/24/2021 6:14,1,1
haleakalaR,12/24/2021 6:30,1,1
haleakalaR,12/24/2021 6:44,1,1
haleakalaR,12/24/2021 18:14,1,0
haleakalaR,12/24/2021 18:29,1,0
haleakalaR,12/24/2021 18:44,1,0
haleakalaR,12/24/2021 18:59,1,0
haleakalaR,12/24/2021 19:14,1,0
haleakalaR,12/24/2021 19:29,1,1
haleakalaR,12/24/2021 19:44,1,1
haleakalaR,12/24/2021 19:59,1,1
haleakalaR,12/25/2021 4:59,1,1
haleakalaR,12/25/2021 5:14,1,1
haleakalaR,12/25/2021 5:29,1,1
haleakalaR,12/25/2021 5:44,1,1
haleakalaR,12/25/2021 5:59,1,1
haleakalaR,12/25/2021 6:14,1,0
haleakalaR,12/25/2021 6:29,1,0
haleakalaR,12/25/2021 18:29,1,0
haleakalaR,12/25/2021 18:44,1,0
haleakalaR,12/25/2021 18:59,1,0
haleakalaR,12/25/2021 19:14,1,0
haleakalaR,12/25/2021 19:29,1,0
haleakalaR,12/25/2021 19:44,1,0
haleakalaR,12/25/2021 19:59,1,0
haleakalaR,12/26/2021 3:51,1,0
haleakalaR,12/26/2021 4:59,1,0
haleakalaR,12/26/2021 5:14,1,0
haleakalaR,12/26/2021 5:29,1,1
haleakalaR,12/26/2021 5:44,1,1
haleakalaR,12/26/2021 5:59,1,1
haleakalaR,12/26/2021 6:14,1,1
haleakalaR,12/26/2021 6:29,1,1
haleakalaR,12/26/2021 18:15,1,1
haleakalaR,12/26/2021 18:29,1,1
haleakalaR,12/26/2021 18:44,1,1
haleakalaR,12/26/2021 18:59,1,1
haleakalaR,12/26/2021 19:14,1,1
haleakalaR,12/26/2021 19:29,1,0
haleakalaR,12/26/2021 19:44,1,0
haleakalaR,12/26/2021 19:59,1,0
haleakalaR,12/27/2021 0:17,1,0
haleakalaR,12/27/2021 4:59,1,0
haleakalaR,12/27/2021 5:14,1,1
haleakalaR,12/27/2021 5:29,1,1
haleakalaR,12/27/2021 5:44,1,1
haleakalaR,12/27/2021 5:46,1,1
haleakalaR,12/27/2021 6:14,1,1
haleakalaR,12/27/2021 6:29,1,1
haleakalaR,12/27/2021 6:36,1,1
haleakalaR,12/27/2021 18:14,1,1
haleakalaR,12/27/2021 18:29,1,1
haleakalaR,12/27/2021 18:44,1,1
haleakalaR,12/27/2021 18:59,1,1
haleakalaR,12/27/2021 19:14,1,1
haleakalaR,12/27/2021 19:29,1,1
haleakalaR,12/27/2021 19:45,1,1
haleakalaR,12/27/2021 19:59,1,1
haleakalaR,12/28/2021 4:59,1,1
haleakalaR,12/28/2021 5:14,1,1
haleakalaR,12/28/2021 5:30,1,1
haleakalaR,12/28/2021 5:44,1,1
haleakalaR,12/28/2021 5:59,1,1
haleakalaR,12/28/2021 6:14,1,1
haleakalaR,12/28/2021 6:29,1,1
haleakalaR,12/28/2021 6:45,1,1
haleakalaR,12/28/2021 18:15,1,1
haleakalaR,12/28/2021 18:29,1,1
haleakalaR,12/28/2021 18:44,1,1
haleakalaR,12/28/2021 18:59,1,0
haleakalaR,12/28/2021 19:14,1,0
haleakalaR,12/28/2021 19:29,1,0
haleakalaR,12/28/2021 19:44,1,0
haleakalaR,12/28/2021 19:59,1,0
haleakalaR,12/29/2021 4:59,1,1
haleakalaR,12/29/2021 5:15,1,1
haleakalaR,12/29/2021 5:29,1,1
haleakalaR,12/29/2021 5:44,1,1
haleakalaR,12/29/2021 5:59,1,1
haleakalaR,12/29/2021 6:14,1,1
haleakalaR,12/29/2021 6:29,1,1
haleakalaR,12/29/2021 18:15,1,1
haleakalaR,12/29/2021 18:30,1,0
haleakalaR,12/29/2021 18:44,1,0
haleakalaR,12/29/2021 19:00,1,0
haleakalaR,12/29/2021 19:14,1,0
haleakalaR,12/29/2021 19:29,1,0
haleakalaR,12/29/2021 19:44,1,0
haleakalaR,12/29/2021 19:59,1,0
haleakalaR,12/30/2021 4:59,1,0
haleakalaR,12/30/2021 5:14,1,0
haleakalaR,12/30/2021 5:29,1,0
haleakalaR,12/30/2021 5:30,1,0
haleakalaR,12/30/2021 5:45,1,0
haleakalaR,12/30/2021 6:00,1,1
haleakalaR,12/30/2021 6:15,1,1
haleakalaR,12/30/2021 6:30,1,1
haleakalaR,12/30/2021 6:44,1,1
haleakalaR,12/30/2021 18:29,1,1
haleakalaR,12/30/2021 18:44,1,1
haleakalaR,12/30/2021 18:45,1,1
haleakalaR,12/30/2021 18:59,1,1
haleakalaR,12/30/2021 19:15,1,1
haleakalaR,12/30/2021 19:29,1,1
haleakalaR,12/30/2021 19:30,1,0
haleakalaR,12/30/2021 19:45,1,0
haleakalaR,12/30/2021 19:59,1,0
haleakalaR,12/31/2021 4:59,1,0
haleakalaR,12/31/2021 5:14,1,0
haleakalaR,12/31/2021 5:29,1,1
haleakalaR,12/31/2021 5:44,1,1
haleakalaR,12/31/2021 5:59,1,1
haleakalaR,12/31/2021 6:14,1,1
haleakalaR,12/31/2021 6:29,1,1
haleakalaR,12/31/2021 6:45,1,1
haleakalaR,12/31/2021 18:14,1,1
haleakalaR,12/31/2021 18:30,1,1
haleakalaR,12/31/2021 18:45,1,1
haleakalaR,12/31/2021 19:00,1,1
haleakalaR,12/31/2021 19:14,1,1
haleakalaR,12/31/2021 19:15,1,1
haleakalaR,12/31/2021 19:29,1,1
haleakalaR,12/31/2021 19:44,1,1
haleakalaR,12/31/2021 20:00,1,1
haleakalaR,1/1/2022 4:59,1,1
haleakalaR,1/1/2022 5:14,1,1
haleakalaR,1/1/2022 5:29,1,1
haleakalaR,1/1/2022 5:44,1,1
haleakalaR,1/1/2022 5:59,1,1
haleakalaR,1/1/2022 6:14,1,1
haleakalaR,1/1/2022 6:29,1,1
haleakalaR,1/1/2022 6:44,1,1
haleakalaR,1/1/2022 18:29,1,1
haleakalaR,1/1/2022 18:30,1,1
haleakalaR,1/1/2022 18:45,1,1
haleakalaR,1/1/2022 19:00,1,0
haleakalaR,1/1/2022 19:15,1,0
haleakalaR,1/1/2022 19:29,1,0
haleakalaR,1/1/2022 19:44,1,0
haleakalaR,1/1/2022 19:59,1,0
haleakalaR,1/2/2022 4:59,1,1
haleakalaR,1/2/2022 5:15,1,1
haleakalaR,1/2/2022 5:29,1,1
haleakalaR,1/2/2022 5:45,1,1
haleakalaR,1/2/2022 5:59,1,1
haleakalaR,1/2/2022 6:00,1,1
haleakalaR,1/2/2022 6:14,1,1
haleakalaR,1/2/2022 6:29,1,1
haleakalaR,1/2/2022 6:45,1,0
haleakalaR,1/2/2022 18:30,1,0
haleakalaR,1/2/2022 18:44,1,0
haleakalaR,1/2/2022 18:59,1,0
haleakalaR,1/2/2022 19:14,1,0
haleakalaR,1/2/2022 19:30,1,0
haleakalaR,1/2/2022 19:45,1,0
haleakalaR,1/2/2022 20:00,1,0
haleakalaR,1/3/2022 4:59,1,0
haleakalaR,1/3/2022 5:14,1,0
haleakalaR,1/3/2022 5:30,1,0
haleakalaR,1/3/2022 5:45,1,0
haleakalaR,1/3/2022 6:00,1,1
haleakalaR,1/3/2022 6:15,1,1
haleakalaR,1/3/2022 6:30,1,1
haleakalaR,1/3/2022 6:44,1,1
haleakalaR,1/3/2022 18:30,1,1
haleakalaR,1/3/2022 18:44,1,1
haleakalaR,1/3/2022 18:59,1,1
haleakalaR,1/3/2022 19:14,1,1
haleakalaR,1/3/2022 19:30,1,1
haleakalaR,1/3/2022 19:44,1,1
haleakalaR,1/3/2022 19:45,1,1
haleakalaR,1/3/2022 20:00,1,1
haleakalaR,1/4/2022 4:59,1,1
haleakalaR,1/4/2022 5:14,1,1
haleakalaR,1/4/2022 5:29,1,1
haleakalaR,1/4/2022 5:44,1,1
haleakalaR,1/4/2022 6:00,1,1
haleakalaR,1/4/2022 6:14,1,1
haleakalaR,1/4/2022 6:15,1,1
haleakalaR,1/4/2022 6:29,1,1
haleakalaR,1/4/2022 6:45,1,1
haleakalaR,1/4/2022 18:29,1,1
haleakalaR,1/4/2022 18:44,1,1
haleakalaR,1/4/2022 19:00,1,1
haleakalaR,1/4/2022 19:15,1,1
haleakalaR,1/4/2022 19:29,1,1
haleakalaR,1/4/2022 19:44,1,0
haleakalaR,1/4/2022 19:59,1,0
haleakalaR,1/5/2022 4:59,1,0
haleakalaR,1/5/2022 5:14,1,0
haleakalaR,1/5/2022 5:29,1,0
haleakalaR,1/5/2022 5:45,1,1
haleakalaR,1/5/2022 5:59,1,1
haleakalaR,1/5/2022 6:14,1,1
haleakalaR,1/5/2022 6:29,1,1
haleakalaR,1/5/2022 6:44,1,1
haleakalaR,1/5/2022 18:29,1,1
haleakalaR,1/5/2022 18:44,1,1
haleakalaR,1/5/2022 18:59,1,1
haleakalaR,1/5/2022 19:15,1,1
haleakalaR,1/5/2022 19:29,1,1
haleakalaR,1/5/2022 19:45,1,1
haleakalaR,1/5/2022 20:00,1,1
haleakalaR,1/6/2022 4:59,1,1
haleakalaR,1/6/2022 5:14,1,1
haleakalaR,1/6/2022 5:29,1,1
haleakalaR,1/6/2022 5:44,1,1
haleakalaR,1/6/2022 5:59,1,1
haleakalaR,1/6/2022 6:14,1,1
haleakalaR,1/6/2022 6:29,1,1
haleakalaR,1/6/2022 6:45,1,1
haleakalaR,1/6/2022 18:29,1,1
haleakalaR,1/6/2022 18:44,1,1
haleakalaR,1/6/2022 18:59,1,1
haleakalaR,1/6/2022 19:15,1,1
haleakalaR,1/6/2022 19:29,1,1
haleakalaR,1/6/2022 19:44,1,1
haleakalaR,1/6/2022 19:59,1,0
haleakalaR,1/7/2022 4:59,1,0
haleakalaR,1/7/2022 5:14,1,0
haleakalaR,1/7/2022 5:29,1,0
haleakalaR,1/7/2022 5:45,1,0
haleakalaR,1/7/2022 5:59,1,1
haleakalaR,1/7/2022 6:15,1,1
haleakalaR,1/7/2022 6:29,1,1
haleakalaR,1/7/2022 6:45,1,1
haleakalaR,1/7/2022 18:44,1,1
haleakalaR,1/7/2022 18:59,1,1
haleakalaR,1/7/2022 19:14,1,1
haleakalaR,1/7/2022 19:29,1,1
haleakalaR,1/7/2022 19:45,1,0
haleakalaR,1/7/2022 19:59,1,0
haleakalaR,1/8/2022 4:59,1,0
haleakalaR,1/8/2022 5:14,1,0
haleakalaR,1/8/2022 5:29,1,0
haleakalaR,1/8/2022 5:44,1,0
haleakalaR,1/8/2022 5:59,1,0
haleakalaR,1/8/2022 6:14,1,0
haleakalaR,1/8/2022 6:30,1,0
haleakalaR,1/8/2022 18:44,1,0
haleakalaR,1/8/2022 18:59,1,0
haleakalaR,1/8/2022 19:14,1,0
haleakalaR,1/8/2022 19:29,1,1
haleakalaR,1/8/2022 19:45,1,1
haleakalaR,1/8/2022 19:59,1,1
haleakalaR,1/9/2022 4:59,1,1
haleakalaR,1/9/2022 5:00,1,1
haleakalaR,1/9/2022 5:15,1,1
haleakalaR,1/9/2022 5:29,1,1
haleakalaR,1/9/2022 5:44,1,1
haleakalaR,1/9/2022 5:59,1,1
haleakalaR,1/9/2022 6:14,1,1
haleakalaR,1/9/2022 6:29,1,0
haleakalaR,1/9/2022 18:44,1,0
haleakalaR,1/9/2022 18:59,1,0
haleakalaR,1/9/2022 19:14,1,0
haleakalaR,1/9/2022 19:29,1,0
haleakalaR,1/9/2022 19:44,1,1
haleakalaR,1/9/2022 20:00,1,1
haleakalaR,1/10/2022 4:59,1,1
haleakalaR,1/10/2022 5:14,1,1
haleakalaR,1/10/2022 5:30,1,1
haleakalaR,1/10/2022 5:45,1,1
haleakalaR,1/10/2022 5:59,1,1
haleakalaR,1/10/2022 6:14,1,1
haleakalaR,1/10/2022 6:30,1,1
haleakalaR,1/10/2022 6:45,1,1
haleakalaR,1/10/2022 18:29,1,1
haleakalaR,1/10/2022 18:44,1,1
haleakalaR,1/10/2022 18:59,1,1
haleakalaR,1/10/2022 19:15,1,1
haleakalaR,1/10/2022 19:29,1,1
haleakalaR,1/10/2022 19:45,1,1
haleakalaR,1/10/2022 20:00,1,1
haleakalaR,1/11/2022 4:59,1,1
haleakalaR,1/11/2022 5:00,1,1
haleakalaR,1/11/2022 5:14,1,1
haleakalaR,1/11/2022 5:29,1,1
haleakalaR,1/11/2022 5:44,1,1
haleakalaR,1/11/2022 5:59,1,1
haleakalaR,1/11/2022 6:14,1,1
haleakalaR,1/11/2022 6:29,1,1
haleakalaR,1/11/2022 6:45,1,1
haleakalaR,1/11/2022 18:44,1,0
haleakalaR,1/11/2022 18:59,1,0
haleakalaR,1/11/2022 19:15,1,0
haleakalaR,1/11/2022 19:29,1,0
haleakalaR,1/11/2022 19:45,1,0
haleakalaR,1/11/2022 20:00,1,1
haleakalaR,1/11/2022 21:33,1,1
haleakalaR,1/11/2022 21:52,1,1
haleakalaR,1/11/2022 22:38,1,1
haleakalaR,1/11/2022 22:53,1,1
haleakalaR,1/11/2022 23:09,1,1
haleakalaR,1/11/2022 23:24,1,1
haleakalaR,1/11/2022 23:40,1,1
haleakalaR,1/11/2022 23:56,1,0
haleakalaR,1/12/2022 0:11,1,0
haleakalaR,1/12/2022 0:26,1,0
haleakalaR,1/12/2022 0:43,1,0
haleakalaR,1/12/2022 0:59,1,0
haleakalaR,1/12/2022 1:14,1,0
haleakalaR,1/12/2022 1:34,1,0
haleakalaR,1/12/2022 1:49,1,0
haleakalaR,1/12/2022 2:04,1,0
haleakalaR,1/12/2022 2:20,1,0
haleakalaR,1/12/2022 2:35,1,0
haleakalaR,1/12/2022 2:52,1,0
haleakalaR,1/12/2022 3:09,1,1
haleakalaR,1/12/2022 4:12,1,1
haleakalaR,1/12/2022 4:47,1,1
haleakalaR,1/12/2022 5:15,1,1
haleakalaR,1/12/2022 5:17,1,1
haleakalaR,1/12/2022 5:44,1,1
haleakalaR,1/12/2022 5:59,1,1
haleakalaR,1/12/2022 6:14,1,1
haleakalaR,1/12/2022 6:17,1,1
haleakalaR,1/12/2022 6:44,1,1
haleakalaR,1/12/2023 18:30,1,0
haleakalaR,1/12/2023 18:45,1,0
haleakalaR,1/12/2023 18:59,1,0
haleakalaR,1/12/2023 19:14,1,0
haleakalaR,1/12/2023 19:29,1,0
haleakalaR,1/12/2023 19:44,1,1
haleakalaR,1/12/2023 19:59,1,1
haleakalaR,1/13/2023 4:59,1,1
haleakalaR,1/13/2023 5:14,1,1
haleakalaR,1/13/2023 5:29,1,1
haleakalaR,1/13/2023 5:44,1,1
haleakalaR,1/13/2023 5:59,1,1
haleakalaR,1/13/2023 6:14,1,1
haleakalaR,1/13/2023 6:29,1,1
haleakalaR,1/13/2023 18:30,1,1
haleakalaR,1/13/2023 18:44,1,1
haleakalaR,1/13/2023 18:59,1,1
haleakalaR,1/13/2023 19:14,1,1
haleakalaR,1/13/2023 19:29,1,1
haleakalaR,1/13/2023 19:44,1,1
haleakalaR,1/13/2023 19:59,1,1
haleakalaR,1/14/2023 5:00,1,1
haleakalaR,1/14/2023 5:15,1,1
haleakalaR,1/14/2023 5:29,1,1
haleakalaR,1/14/2023 5:44,1,1
haleakalaR,1/14/2023 5:59,1,1
haleakalaR,1/14/2023 6:14,1,1
haleakalaR,1/14/2023 6:30,1,1
haleakalaR,1/14/2023 18:29,1,1
haleakalaR,1/14/2023 18:44,1,1
haleakalaR,1/14/2023 19:00,1,1
haleakalaR,1/14/2023 19:14,1,0
haleakalaR,1/14/2023 19:29,1,0
haleakalaR,1/14/2023 19:44,1,0
haleakalaR,1/14/2023 19:59,1,0
haleakalaR,1/15/2023 4:59,1,0
haleakalaR,1/15/2023 5:14,1,1
haleakalaR,1/15/2023 5:29,1,1
haleakalaR,1/15/2023 5:44,1,1
haleakalaR,1/15/2023 5:59,1,1
haleakalaR,1/15/2023 6:14,1,1
haleakalaR,1/15/2023 6:29,1,1
haleakalaR,1/15/2023 18:30,1,1
haleakalaR,1/15/2023 18:45,1,1
haleakalaR,1/15/2023 18:59,1,0
haleakalaR,1/15/2023 19:14,1,0
haleakalaR,1/15/2023 19:29,1,0
haleakalaR,1/15/2023 19:44,1,0
haleakalaR,1/15/2023 19:59,1,0
haleakalaR,1/16/2023 4:59,1,0
haleakalaR,1/16/2023 5:14,1,0
haleakalaR,1/16/2023 5:29,1,0
haleakalaR,1/16/2023 5:44,1,0
haleakalaR,1/16/2023 5:59,1,0
haleakalaR,1/16/2023 6:14,1,0
haleakalaR,1/16/2023 6:29,1,0
haleakalaR,1/16/2023 18:29,1,1
haleakalaR,1/16/2023 18:44,1,1
haleakalaR,1/16/2023 18:59,1,1
haleakalaR,1/16/2023 19:14,1,1
haleakalaR,1/16/2023 19:29,1,1
haleakalaR,1/16/2023 19:44,1,1
haleakalaR,1/16/2023 19:59,1,1
haleakalaR,1/17/2023 4:59,1,1
haleakalaR,1/17/2023 5:14,1,1
haleakalaR,1/17/2023 5:29,1,1
haleakalaR,1/17/2023 5:44,1,0
haleakalaR,1/17/2023 5:59,1,0
haleakalaR,1/17/2023 6:14,1,0
haleakalaR,1/17/2023 6:30,1,0
haleakalaR,1/17/2023 18:29,1,0
haleakalaR,1/17/2023 18:45,1,1
haleakalaR,1/17/2023 19:00,1,1
haleakalaR,1/17/2023 19:14,1,1
haleakalaR,1/17/2023 19:29,1,1
haleakalaR,1/17/2023 19:44,1,1
haleakalaR,1/17/2023 19:59,1,1
haleakalaR,1/18/2023 4:59,1,1
haleakalaR,1/18/2023 5:14,1,1
haleakalaR,1/18/2023 5:29,1,1
haleakalaR,1/18/2023 5:45,1,1
haleakalaR,1/18/2023 5:59,1,1
haleakalaR,1/18/2023 6:14,1,1
haleakalaR,1/18/2023 6:29,1,1
haleakalaR,1/18/2023 18:30,1,1
haleakalaR,1/18/2023 18:44,1,1
haleakalaR,1/18/2023 18:59,1,1
haleakalaR,1/18/2023 19:15,1,1
haleakalaR,1/18/2023 19:29,1,1
haleakalaR,1/18/2023 19:45,1,1
haleakalaR,1/18/2023 19:59,1,1
haleakalaR,1/19/2023 4:59,1,1
haleakalaR,1/19/2023 5:14,1,1
haleakalaR,1/19/2023 5:29,1,1
haleakalaR,1/19/2023 5:45,1,1
haleakalaR,1/19/2023 5:59,1,1
haleakalaR,1/19/2023 6:14,1,1
haleakalaR,1/19/2023 6:29,1,0
haleakalaR,1/19/2023 18:29,1,0
haleakalaR,1/19/2023 18:45,1,0
haleakalaR,1/19/2023 18:59,1,0
haleakalaR,1/19/2023 19:14,1,0
haleakalaR,1/19/2023 19:30,1,1
haleakalaR,1/19/2023 19:44,1,1
haleakalaR,1/19/2023 19:59,1,1
haleakalaR,1/20/2023 4:59,1,1
haleakalaR,1/20/2023 5:14,1,1
haleakalaR,1/20/2023 5:29,1,1
haleakalaR,1/20/2023 5:44,1,1
haleakalaR,1/20/2023 5:59,1,1
haleakalaR,1/20/2023 6:14,1,0
haleakalaR,1/20/2023 6:29,1,0
haleakalaR,1/20/2023 18:29,1,0
haleakalaR,1/20/2023 18:44,1,0
haleakalaR,1/20/2023 18:59,1,0
haleakalaR,1/20/2023 19:14,1,0
haleakalaR,1/20/2023 19:29,1,0
haleakalaR,1/20/2023 19:44,1,0
haleakalaR,1/20/2023 19:59,1,0
haleakalaR,1/21/2023 4:59,1,0
haleakalaR,1/21/2023 5:14,1,0
haleakalaR,1/21/2023 5:29,1,0
haleakalaR,1/21/2023 5:44,1,1
haleakalaR,1/21/2023 5:59,1,1
haleakalaR,1/21/2023 6:14,1,1
haleakalaR,1/21/2023 6:29,1,1
haleakalaR,1/21/2023 6:45,1,1
haleakalaR,1/21/2023 18:30,1,1
haleakalaR,1/21/2023 18:45,1,1
haleakalaR,1/21/2023 18:59,1,1
haleakalaR,1/21/2023 19:14,1,1
haleakalaR,1/21/2023 19:29,1,1
haleakalaR,1/21/2023 19:44,1,0
haleakalaR,1/21/2023 19:59,1,0
haleakalaR,1/22/2023 4:59,1,0
haleakalaR,1/22/2023 5:15,1,0
haleakalaR,1/22/2023 5:30,1,0
haleakalaR,1/22/2023 5:45,1,1
haleakalaR,1/22/2023 5:59,1,1
haleakalaR,1/22/2023 6:14,1,1
haleakalaR,1/22/2023 6:29,1,1
haleakalaR,1/22/2023 18:45,1,1
haleakalaR,1/22/2023 18:59,1,1
haleakalaR,1/22/2023 19:15,1,1
haleakalaR,1/22/2023 19:29,1,1
haleakalaR,1/22/2023 19:44,1,1
haleakalaR,1/22/2023 19:59,1,1
haleakalaR,1/23/2023 4:59,1,1
haleakalaR,1/23/2023 5:14,1,1
haleakalaR,1/23/2023 5:29,1,1
haleakalaR,1/23/2023 5:44,1,1
haleakalaR,1/23/2023 5:59,1,1
haleakalaR,1/23/2023 6:14,1,1
haleakalaR,1/23/2023 6:29,1,1
haleakalaR,1/23/2023 18:29,1,1
haleakalaR,1/23/2023 18:44,1,1
haleakalaR,1/23/2023 18:59,1,1
haleakalaR,1/23/2023 19:14,1,1
haleakalaR,1/23/2023 19:29,1,1
haleakalaR,1/23/2023 19:44,1,1
haleakalaR,1/23/2023 19:59,1,1
haleakalaR,1/24/2023 4:59,1,1
haleakalaR,1/24/2023 5:14,1,1
haleakalaR,1/24/2023 5:29,1,0
haleakalaR,1/24/2023 5:44,1,0
haleakalaR,1/24/2023 5:59,1,0
haleakalaR,1/24/2023 6:29,1,0
haleakalaR,1/24/2023 18:44,1,0
haleakalaR,1/24/2023 18:59,1,1
haleakalaR,1/24/2023 19:14,1,1
haleakalaR,1/24/2023 19:29,1,1
haleakalaR,1/24/2023 19:44,1,1
haleakalaR,1/24/2023 19:59,1,1
haleakalaR,1/25/2023 4:59,1,1
haleakalaR,1/25/2023 5:14,1,1
haleakalaR,1/25/2023 5:29,1,1
haleakalaR,1/25/2023 5:44,1,0
haleakalaR,1/25/2023 5:59,1,0
haleakalaR,1/25/2023 6:14,1,0
haleakalaR,1/25/2023 18:44,1,0
haleakalaR,1/25/2023 18:59,1,0
haleakalaR,1/25/2023 19:14,1,0
haleakalaR,1/25/2023 19:29,1,0
haleakalaR,1/26/2023 4:59,1,0
haleakalaR,1/26/2023 18:33,1,0
haleakalaR,1/26/2023 18:59,1,0
haleakalaR,1/26/2023 19:14,1,0
haleakalaR,1/26/2023 19:23,1,0
haleakalaR,1/26/2023 19:45,1,1
haleakalaR,1/26/2023 19:59,1,1
haleakalaR,1/27/2023 5:00,1,1
haleakalaR,1/27/2023 5:14,1,1
haleakalaR,1/27/2023 5:29,1,1
haleakalaR,1/27/2023 5:45,1,1
haleakalaR,1/27/2023 6:00,1,1
haleakalaR,1/27/2023 6:15,1,1
haleakalaR,1/27/2023 6:29,1,1
haleakalaR,1/27/2023 18:45,1,1
haleakalaR,1/27/2023 19:00,1,1
haleakalaR,1/27/2023 19:15,1,1
haleakalaR,1/27/2023 19:29,1,1
haleakalaR,1/27/2023 19:44,1,1
haleakalaR,1/27/2023 19:59,1,1
haleakalaR,1/28/2023 4:59,1,1
haleakalaR,1/28/2023 5:15,1,1
haleakalaR,1/28/2023 5:30,1,1
haleakalaR,1/28/2023 5:45,1,1
haleakalaR,1/28/2023 6:00,1,1
haleakalaR,1/28/2023 6:14,1,1
haleakalaR,1/28/2023 6:29,1,1
haleakalaR,1/28/2023 18:44,1,1
haleakalaR,1/28/2023 19:00,1,1
haleakalaR,1/28/2023 19:15,1,1
haleakalaR,1/28/2023 19:30,1,1
haleakalaR,1/28/2023 19:44,1,0
haleakalaR,1/28/2023 19:59,1,0
haleakalaR,1/29/2023 5:00,1,0
haleakalaR,1/29/2023 5:15,1,0
haleakalaR,1/29/2023 5:29,1,0
haleakalaR,1/29/2023 5:45,1,1
haleakalaR,1/29/2023 5:59,1,1
haleakalaR,1/29/2023 6:15,1,1
haleakalaR,1/29/2023 6:30,1,1
haleakalaR,1/29/2023 18:45,1,1
haleakalaR,1/30/2023 6:29,1,1
haleakalaR,1/30/2023 18:45,1,1
haleakalaR,1/31/2023 5:30,1,1
haleakalaR,1/31/2023 5:45,1,1
haleakalaR,1/31/2023 6:00,1,1
haleakalaR,1/31/2023 6:44,1,1
haleakalaR,1/31/2023 18:29,1,1
haleakalaR,1/31/2023 19:44,1,1
haleakalaR,2/1/2023 18:45,1,1
haleakalaR,2/2/2023 18:45,1,1
haleakalaR,2/3/2023 18:45,1,1
haleakalaR,2/4/2023 6:29,1,1
haleakalaR,2/4/2023 18:45,1,1
haleakalaR,2/5/2023 6:30,1,1
haleakalaR,2/5/2023 18:45,1,1
haleakalaR,2/5/2023 19:00,1,1
haleakalaR,2/5/2023 19:14,1,1
haleakalaR,2/5/2023 19:29,1,1
haleakalaR,2/6/2023 6:30,1,1
haleakalaR,2/6/2023 18:45,1,1
haleakalaR,2/6/2023 19:00,1,1
haleakalaR,2/6/2023 19:15,1,0
haleakalaR,2/7/2023 6:30,1,0
haleakalaR,2/7/2023 19:29,1,0
haleakalaR,2/8/2023 18:44,1,0
